pattern,support,sequences
"[36, 36, 36, 36, 36]",4,"[0, 1, 8, 9]"
"[35, 35, 35, 35, 35]",3,"[0, 7, 9]"
"[33, 33, 33, 33, 33]",4,"[0, 1, 4, 9]"
"[32, 32, 32, 32, 32]",4,"[1, 4, 8, 9]"
"[31, 31, 31, 31, 31]",7,"[0, 1, 4, 5, 7, 8, 9]"
"[30, 30, 30, 30, 30]",6,"[1, 3, 4, 5, 7, 8]"
"[29, 29, 29, 29, 29]",6,"[0, 1, 4, 5, 7, 9]"
"[16, 31, 31, 31, 31]",3,"[4, 5, 7]"
"[28, 28, 28, 28, 28]",9,"[0, 1, 2, 3, 4, 5, 7, 8, 9]"
"[31, 31, 31, 31, 16]",3,"[7, 8, 9]"
"[30, 30, 30, 30, 16]",3,"[1, 4, 7]"
"[27, 27, 27, 27, 27]",7,"[1, 2, 4, 5, 7, 8, 9]"
"[29, 29, 29, 29, 15]",4,"[0, 1, 7, 9]"
"[15, 29, 29, 29, 29]",3,"[1, 4, 9]"
"[26, 26, 26, 26, 26]",9,"[0, 1, 2, 3, 4, 5, 7, 8, 9]"
"[28, 28, 28, 28, 15]",4,"[0, 1, 7, 9]"
"[16, 16, 31, 31, 31]",3,"[4, 5, 7]"
"[25, 25, 25, 25, 25]",9,"[0, 1, 2, 3, 4, 5, 7, 8, 9]"
"[31, 31, 31, 16, 16]",3,"[7, 8, 9]"
"[27, 27, 27, 27, 15]",5,"[2, 4, 5, 7, 9]"
"[15, 27, 27, 27, 27]",3,"[2, 7, 9]"
"[30, 30, 30, 16, 16]",3,"[1, 4, 7]"
"[8, 28, 28, 28, 28]",3,"[4, 5, 9]"
"[24, 24, 24, 24, 24]",10,"[0, 1, 2, 3, 4, 5, 6, 7, 8, 9]"
"[26, 26, 26, 26, 14]",5,"[0, 1, 5, 7, 8]"
"[14, 26, 26, 26, 26]",3,"[4, 5, 8]"
"[29, 29, 29, 15, 15]",4,"[0, 1, 7, 9]"
"[15, 15, 29, 29, 29]",3,"[1, 4, 9]"
"[23, 23, 23, 23, 23]",10,"[0, 1, 2, 3, 4, 5, 6, 7, 8, 9]"
"[28, 28, 28, 15, 15]",4,"[0, 1, 7, 9]"
"[17, 24, 24, 24, 24]",4,"[0, 4, 8, 9]"
"[24, 24, 24, 24, 17]",3,"[1, 8, 9]"
"[15, 15, 27, 27, 27]",3,"[2, 7, 9]"
"[27, 27, 27, 15, 15]",5,"[2, 4, 5, 7, 9]"
"[31, 31, 16, 16, 16]",3,"[7, 8, 9]"
"[16, 16, 16, 31, 31]",3,"[4, 5, 7]"
"[14, 24, 24, 24, 24]",3,"[4, 8, 9]"
"[22, 22, 22, 22, 22]",10,"[0, 1, 2, 3, 4, 5, 6, 7, 8, 9]"
"[24, 24, 24, 24, 13]",3,"[5, 8, 9]"
"[30, 30, 16, 16, 16]",3,"[1, 4, 7]"
"[3, 26, 26, 26, 26]",3,"[0, 5, 8]"
"[26, 26, 26, 26, 3]",3,"[0, 5, 9]"
"[11, 24, 24, 24, 24]",4,"[2, 3, 4, 8]"
"[25, 25, 25, 25, 6]",3,"[0, 4, 5]"
"[24, 24, 24, 17, 17]",3,"[1, 8, 9]"
"[26, 26, 26, 14, 14]",5,"[0, 1, 5, 7, 8]"
"[17, 17, 24, 24, 24]",4,"[0, 4, 8, 9]"
"[14, 14, 26, 26, 26]",3,"[4, 5, 8]"
"[23, 23, 23, 23, 13]",3,"[3, 4, 6]"
"[21, 21, 21, 21, 21]",5,"[0, 3, 4, 6, 9]"
"[0, 26, 26, 26, 26]",4,"[0, 2, 4, 9]"
"[23, 23, 23, 23, 12]",5,"[0, 1, 4, 5, 7]"
"[26, 26, 26, 26, 0]",3,"[0, 3, 4]"
"[15, 15, 15, 29, 29]",3,"[1, 4, 9]"
"[29, 29, 15, 15, 15]",4,"[0, 1, 7, 9]"
"[3, 25, 25, 25, 25]",4,"[1, 5, 7, 9]"
"[6, 24, 24, 24, 24]",5,"[1, 4, 5, 8, 9]"
"[28, 28, 15, 15, 15]",4,"[0, 1, 7, 9]"
"[24, 24, 24, 24, 5]",6,"[0, 2, 5, 6, 7, 9]"
"[22, 22, 22, 22, 12]",5,"[0, 1, 4, 5, 9]"
"[20, 20, 20, 20, 20]",7,"[0, 1, 2, 4, 5, 8, 9]"
"[14, 14, 24, 24, 24]",3,"[4, 8, 9]"
"[12, 22, 22, 22, 22]",8,"[0, 1, 2, 4, 5, 6, 8, 9]"
"[8, 8, 28, 28, 28]",3,"[4, 5, 9]"
"[0, 25, 25, 25, 25]",3,"[0, 5, 7]"
"[11, 22, 22, 22, 22]",6,"[1, 2, 4, 5, 8, 9]"
"[24, 24, 17, 17, 17]",3,"[1, 8, 9]"
"[27, 27, 15, 15, 15]",5,"[2, 4, 5, 7, 9]"
"[17, 17, 17, 24, 24]",4,"[0, 4, 8, 9]"
"[3, 24, 24, 24, 24]",5,"[2, 4, 5, 6, 7]"
"[24, 24, 24, 24, 3]",5,"[1, 3, 6, 7, 9]"
"[15, 15, 15, 27, 27]",3,"[2, 7, 9]"
"[24, 24, 24, 13, 13]",3,"[5, 8, 9]"
"[23, 23, 23, 23, 6]",4,"[1, 5, 6, 9]"
"[6, 23, 23, 23, 23]",4,"[0, 1, 4, 8]"
"[24, 24, 24, 24, 1]",4,"[0, 4, 8, 9]"
"[16, 20, 20, 20, 20]",4,"[1, 4, 8, 9]"
"[23, 23, 23, 23, 4]",3,"[1, 4, 9]"
"[0, 24, 24, 24, 24]",6,"[1, 3, 6, 7, 8, 9]"
"[24, 24, 24, 24, 0]",6,"[2, 4, 5, 7, 8, 9]"
"[20, 20, 20, 20, 16]",5,"[1, 2, 4, 5, 9]"
"[4, 23, 23, 23, 23]",7,"[0, 1, 4, 5, 6, 8, 9]"
"[15, 20, 20, 20, 20]",4,"[1, 4, 5, 9]"
"[16, 16, 16, 16, 31]",3,"[4, 5, 7]"
"[19, 19, 19, 19, 19]",10,"[0, 1, 2, 3, 4, 5, 6, 7, 8, 9]"
"[31, 16, 16, 16, 16]",3,"[7, 8, 9]"
"[23, 23, 23, 13, 13]",3,"[3, 4, 6]"
"[3, 23, 23, 23, 23]",5,"[1, 3, 5, 6, 8]"
"[20, 20, 20, 20, 15]",5,"[1, 4, 5, 8, 9]"
"[23, 23, 23, 23, 2]",6,"[0, 1, 2, 3, 4, 8]"
"[26, 26, 14, 14, 14]",5,"[0, 1, 5, 7, 8]"
"[18, 19, 19, 19, 19]",3,"[0, 1, 5]"
"[30, 16, 16, 16, 16]",3,"[1, 4, 7]"
"[14, 14, 14, 26, 26]",3,"[4, 5, 8]"
"[19, 19, 19, 19, 18]",6,"[1, 4, 5, 7, 8, 9]"
"[22, 22, 22, 22, 6]",4,"[1, 4, 8, 9]"
"[6, 22, 22, 22, 22]",3,"[3, 6, 7]"
"[11, 11, 24, 24, 24]",4,"[2, 3, 4, 8]"
"[14, 20, 20, 20, 20]",3,"[1, 4, 9]"
"[23, 23, 23, 23, 1]",6,"[1, 4, 5, 7, 8, 9]"
"[1, 23, 23, 23, 23]",6,"[0, 1, 4, 6, 8, 9]"
"[23, 23, 23, 12, 12]",5,"[0, 1, 4, 5, 7]"
"[19, 19, 19, 18, 18]",6,"[1, 4, 5, 7, 8, 9]"
"[18, 18, 19, 19, 19]",3,"[0, 1, 5]"
"[24, 17, 17, 17, 17]",3,"[1, 8, 9]"
"[19, 19, 19, 19, 16]",6,"[0, 1, 2, 4, 5, 9]"
"[16, 19, 19, 19, 19]",5,"[1, 2, 4, 5, 9]"
"[17, 17, 17, 17, 24]",4,"[0, 4, 8, 9]"
"[22, 22, 22, 22, 4]",6,"[1, 3, 4, 5, 8, 9]"
"[16, 16, 20, 20, 20]",4,"[1, 4, 8, 9]"
"[19, 19, 18, 18, 18]",6,"[1, 4, 5, 7, 8, 9]"
"[23, 23, 23, 23, 0]",6,"[0, 1, 4, 6, 8, 9]"
"[18, 18, 18, 19, 19]",3,"[0, 1, 5]"
"[20, 20, 20, 16, 16]",5,"[1, 2, 4, 5, 9]"
"[0, 23, 23, 23, 23]",7,"[0, 1, 3, 4, 5, 8, 9]"
"[18, 18, 18, 18, 19]",3,"[0, 1, 5]"
"[19, 19, 19, 19, 15]",7,"[0, 1, 2, 4, 5, 7, 8]"
"[15, 19, 19, 19, 19]",4,"[4, 7, 8, 9]"
"[19, 18, 18, 18, 18]",6,"[1, 4, 5, 7, 8, 9]"
"[19, 19, 19, 19, 14]",9,"[0, 1, 2, 4, 5, 6, 7, 8, 9]"
"[22, 22, 22, 12, 12]",5,"[0, 1, 4, 5, 9]"
"[14, 19, 19, 19, 19]",10,"[0, 1, 2, 3, 4, 5, 6, 7, 8, 9]"
"[14, 14, 14, 24, 24]",3,"[4, 8, 9]"
"[15, 15, 20, 20, 20]",4,"[1, 4, 5, 9]"
"[18, 18, 18, 18, 18]",10,"[0, 1, 2, 3, 4, 5, 6, 7, 8, 9]"
"[12, 12, 22, 22, 22]",8,"[0, 1, 2, 4, 5, 6, 8, 9]"
"[20, 20, 20, 15, 15]",5,"[1, 4, 5, 8, 9]"
"[15, 15, 15, 15, 29]",3,"[1, 4, 9]"
"[29, 15, 15, 15, 15]",4,"[0, 1, 7, 9]"
"[22, 22, 22, 22, 1]",6,"[0, 4, 5, 6, 7, 9]"
"[20, 20, 20, 20, 9]",3,"[0, 5, 8]"
"[16, 16, 19, 19, 19]",5,"[1, 2, 4, 5, 9]"
"[19, 19, 19, 16, 16]",6,"[0, 1, 2, 4, 5, 9]"
"[11, 11, 22, 22, 22]",6,"[1, 2, 4, 5, 8, 9]"
"[18, 18, 18, 18, 16]",5,"[1, 5, 7, 8, 9]"
"[28, 15, 15, 15, 15]",4,"[0, 1, 7, 9]"
"[0, 22, 22, 22, 22]",3,"[4, 5, 7]"
"[22, 22, 22, 22, 0]",4,"[0, 4, 5, 7]"
"[16, 16, 16, 20, 20]",4,"[1, 4, 8, 9]"
"[20, 20, 16, 16, 16]",5,"[1, 2, 4, 5, 9]"
"[14, 14, 20, 20, 20]",3,"[1, 4, 9]"
"[16, 18, 18, 18, 18]",5,"[1, 5, 7, 8, 9]"
"[15, 15, 15, 15, 27]",3,"[2, 7, 9]"
"[19, 19, 19, 15, 15]",7,"[0, 1, 2, 4, 5, 7, 8]"
"[15, 15, 19, 19, 19]",4,"[4, 7, 8, 9]"
"[15, 18, 18, 18, 18]",9,"[0, 1, 2, 3, 4, 5, 7, 8, 9]"
"[25, 25, 25, 6, 6]",3,"[0, 4, 5]"
"[24, 24, 13, 13, 13]",3,"[5, 8, 9]"
"[18, 18, 18, 18, 15]",9,"[0, 1, 2, 3, 4, 5, 7, 8, 9]"
"[27, 15, 15, 15, 15]",5,"[2, 4, 5, 7, 9]"
"[16, 16, 16, 19, 19]",5,"[1, 2, 4, 5, 9]"
"[18, 18, 18, 16, 16]",5,"[1, 5, 7, 8, 9]"
"[16, 16, 18, 18, 18]",5,"[1, 5, 7, 8, 9]"
"[18, 18, 18, 18, 14]",7,"[0, 2, 4, 5, 7, 8, 9]"
"[19, 19, 16, 16, 16]",6,"[0, 1, 2, 4, 5, 9]"
"[23, 23, 13, 13, 13]",3,"[3, 4, 6]"
"[19, 19, 19, 14, 14]",9,"[0, 1, 2, 4, 5, 6, 7, 8, 9]"
"[14, 14, 19, 19, 19]",10,"[0, 1, 2, 3, 4, 5, 6, 7, 8, 9]"
"[17, 17, 17, 17, 17]",10,"[0, 1, 2, 3, 4, 5, 6, 7, 8, 9]"
"[15, 15, 15, 20, 20]",4,"[1, 4, 5, 9]"
"[20, 20, 15, 15, 15]",5,"[1, 4, 5, 8, 9]"
"[16, 16, 16, 16, 20]",4,"[1, 4, 8, 9]"
"[18, 18, 16, 16, 16]",5,"[1, 5, 7, 8, 9]"
"[26, 26, 26, 3, 3]",3,"[0, 5, 9]"
"[8, 19, 19, 19, 19]",8,"[0, 1, 2, 3, 4, 5, 8, 9]"
"[19, 19, 19, 19, 8]",8,"[0, 3, 4, 5, 6, 7, 8, 9]"
"[20, 16, 16, 16, 16]",5,"[1, 2, 4, 5, 9]"
"[16, 16, 16, 18, 18]",5,"[1, 5, 7, 8, 9]"
"[18, 18, 18, 15, 15]",9,"[0, 1, 2, 3, 4, 5, 7, 8, 9]"
"[6, 6, 24, 24, 24]",5,"[1, 4, 5, 8, 9]"
"[3, 3, 26, 26, 26]",3,"[0, 5, 8]"
"[15, 15, 18, 18, 18]",9,"[0, 1, 2, 3, 4, 5, 7, 8, 9]"
"[15, 15, 15, 19, 19]",4,"[4, 7, 8, 9]"
"[19, 16, 16, 16, 16]",6,"[0, 1, 2, 4, 5, 9]"
"[19, 19, 15, 15, 15]",7,"[0, 1, 2, 4, 5, 7, 8]"
"[16, 16, 16, 16, 19]",5,"[1, 2, 4, 5, 9]"
"[18, 18, 18, 14, 14]",7,"[0, 2, 4, 5, 7, 8, 9]"
"[14, 14, 14, 14, 26]",3,"[4, 5, 8]"
"[24, 24, 24, 5, 5]",6,"[0, 2, 5, 6, 7, 9]"
"[16, 16, 16, 16, 18]",5,"[1, 5, 7, 8, 9]"
"[19, 19, 19, 19, 6]",3,"[1, 5, 6]"
"[18, 16, 16, 16, 16]",5,"[1, 5, 7, 8, 9]"
"[14, 14, 14, 20, 20]",3,"[1, 4, 9]"
"[23, 23, 12, 12, 12]",5,"[0, 1, 4, 5, 7]"
"[26, 14, 14, 14, 14]",5,"[0, 1, 5, 7, 8]"
"[13, 17, 17, 17, 17]",3,"[0, 4, 5]"
"[11, 11, 11, 24, 24]",4,"[2, 3, 4, 8]"
"[6, 6, 23, 23, 23]",4,"[0, 1, 4, 8]"
"[23, 23, 23, 6, 6]",4,"[1, 5, 6, 9]"
"[17, 17, 17, 17, 13]",3,"[0, 5, 8]"
"[15, 15, 15, 18, 18]",9,"[0, 1, 2, 3, 4, 5, 7, 8, 9]"
"[18, 18, 15, 15, 15]",9,"[0, 1, 2, 3, 4, 5, 7, 8, 9]"
"[3, 3, 25, 25, 25]",4,"[1, 5, 7, 9]"
"[19, 19, 14, 14, 14]",9,"[0, 1, 2, 4, 5, 6, 7, 8, 9]"
"[12, 17, 17, 17, 17]",5,"[0, 5, 6, 8, 9]"
"[16, 16, 16, 16, 16]",10,"[0, 1, 2, 3, 4, 5, 6, 7, 8, 9]"
"[18, 18, 18, 18, 8]",5,"[0, 2, 5, 7, 9]"
"[12, 12, 12, 22, 22]",8,"[0, 1, 2, 4, 5, 6, 8, 9]"
"[17, 17, 17, 17, 12]",5,"[1, 5, 6, 8, 9]"
"[22, 22, 12, 12, 12]",5,"[0, 1, 4, 5, 9]"
"[14, 14, 14, 19, 19]",10,"[0, 1, 2, 3, 4, 5, 6, 7, 8, 9]"
"[14, 14, 14, 14, 24]",3,"[4, 8, 9]"
"[20, 15, 15, 15, 15]",5,"[1, 4, 5, 8, 9]"
"[15, 15, 15, 15, 20]",4,"[1, 4, 5, 9]"
"[8, 8, 8, 28, 28]",3,"[4, 5, 9]"
"[19, 19, 19, 19, 3]",5,"[2, 4, 5, 7, 9]"
"[18, 18, 18, 18, 7]",4,"[0, 3, 4, 5]"
"[19, 15, 15, 15, 15]",7,"[0, 1, 2, 4, 5, 7, 8]"
"[15, 15, 15, 15, 19]",4,"[4, 7, 8, 9]"
"[3, 19, 19, 19, 19]",8,"[0, 1, 2, 3, 4, 7, 8, 9]"
"[11, 17, 17, 17, 17]",8,"[0, 1, 3, 4, 5, 6, 8, 9]"
"[15, 16, 16, 16, 16]",7,"[0, 1, 4, 5, 7, 8, 9]"
"[17, 17, 17, 17, 11]",6,"[0, 2, 5, 6, 8, 9]"
"[16, 16, 16, 16, 15]",8,"[0, 1, 4, 5, 6, 7, 8, 9]"
"[0, 0, 26, 26, 26]",4,"[0, 2, 4, 9]"
"[19, 19, 19, 19, 2]",8,"[0, 1, 2, 3, 4, 5, 8, 9]"
"[6, 18, 18, 18, 18]",4,"[1, 5, 8, 9]"
"[16, 16, 16, 15, 15]",8,"[0, 1, 4, 5, 6, 7, 8, 9]"
"[20, 20, 20, 9, 9]",3,"[0, 5, 8]"
"[16, 16, 16, 16, 14]",7,"[1, 2, 3, 4, 5, 7, 9]"
"[3, 3, 24, 24, 24]",5,"[2, 4, 5, 6, 7]"
"[2, 19, 19, 19, 19]",5,"[1, 2, 4, 5, 9]"
"[26, 26, 26, 0, 0]",3,"[0, 3, 4]"
"[18, 18, 14, 14, 14]",7,"[0, 2, 4, 5, 7, 8, 9]"
"[15, 15, 15, 15, 18]",9,"[0, 1, 2, 3, 4, 5, 7, 8, 9]"
"[18, 15, 15, 15, 15]",9,"[0, 1, 2, 3, 4, 5, 7, 8, 9]"
"[6, 6, 22, 22, 22]",3,"[3, 6, 7]"
"[24, 24, 24, 3, 3]",5,"[1, 3, 6, 7, 9]"
"[22, 22, 22, 6, 6]",4,"[1, 4, 8, 9]"
"[15, 15, 16, 16, 16]",7,"[0, 1, 4, 5, 7, 8, 9]"
"[14, 16, 16, 16, 16]",5,"[1, 4, 5, 8, 9]"
"[16, 16, 15, 15, 15]",8,"[0, 1, 4, 5, 6, 7, 8, 9]"
"[9, 17, 17, 17, 17]",4,"[0, 6, 8, 9]"
"[11, 11, 11, 22, 22]",6,"[1, 2, 4, 5, 8, 9]"
"[15, 15, 15, 16, 16]",7,"[0, 1, 4, 5, 7, 8, 9]"
"[23, 23, 23, 4, 4]",3,"[1, 4, 9]"
"[13, 13, 17, 17, 17]",3,"[0, 4, 5]"
"[18, 18, 18, 18, 5]",3,"[7, 8, 9]"
"[4, 4, 23, 23, 23]",7,"[0, 1, 4, 5, 6, 8, 9]"
"[17, 17, 17, 17, 9]",9,"[0, 1, 2, 3, 4, 5, 6, 8, 9]"
"[17, 17, 17, 13, 13]",3,"[0, 5, 8]"
"[1, 19, 19, 19, 19]",4,"[2, 4, 7, 9]"
"[0, 19, 19, 19, 19]",9,"[0, 1, 2, 3, 4, 5, 6, 7, 9]"
"[14, 14, 16, 16, 16]",5,"[1, 4, 5, 8, 9]"
"[19, 19, 19, 19, 0]",7,"[0, 1, 2, 3, 4, 7, 9]"
"[18, 18, 18, 18, 4]",4,"[6, 7, 8, 9]"
"[17, 17, 17, 17, 8]",4,"[1, 5, 8, 9]"
"[16, 15, 15, 15, 15]",8,"[0, 1, 4, 5, 6, 7, 8, 9]"
"[15, 15, 15, 15, 16]",7,"[0, 1, 4, 5, 7, 8, 9]"
"[16, 16, 16, 14, 14]",7,"[1, 2, 3, 4, 5, 7, 9]"
"[8, 17, 17, 17, 17]",8,"[0, 2, 3, 4, 5, 6, 8, 9]"
"[14, 14, 14, 14, 20]",3,"[1, 4, 9]"
"[24, 13, 13, 13, 13]",3,"[5, 8, 9]"
"[23, 13, 13, 13, 13]",3,"[3, 4, 6]"
"[0, 0, 25, 25, 25]",3,"[0, 5, 7]"
"[14, 14, 14, 14, 19]",10,"[0, 1, 2, 3, 4, 5, 6, 7, 8, 9]"
"[12, 12, 17, 17, 17]",5,"[0, 5, 6, 8, 9]"
"[3, 3, 23, 23, 23]",5,"[1, 3, 5, 6, 8]"
"[11, 16, 16, 16, 16]",3,"[4, 5, 8]"
"[18, 18, 18, 18, 3]",4,"[5, 7, 8, 9]"
"[15, 15, 15, 15, 15]",10,"[0, 1, 2, 3, 4, 5, 6, 7, 8, 9]"
"[17, 17, 17, 12, 12]",5,"[1, 5, 6, 8, 9]"
"[3, 18, 18, 18, 18]",9,"[0, 1, 2, 4, 5, 6, 7, 8, 9]"
"[19, 14, 14, 14, 14]",9,"[0, 1, 2, 4, 5, 6, 7, 8, 9]"
"[18, 14, 14, 14, 14]",7,"[0, 2, 4, 5, 7, 8, 9]"
"[16, 16, 14, 14, 14]",7,"[1, 2, 3, 4, 5, 7, 9]"
"[15, 15, 15, 15, 14]",8,"[0, 1, 2, 4, 5, 7, 8, 9]"
"[22, 22, 22, 4, 4]",6,"[1, 3, 4, 5, 8, 9]"
"[14, 15, 15, 15, 15]",10,"[0, 1, 2, 3, 4, 5, 6, 7, 8, 9]"
"[14, 14, 14, 16, 16]",5,"[1, 4, 5, 8, 9]"
"[24, 24, 24, 1, 1]",4,"[0, 4, 8, 9]"
"[17, 17, 17, 17, 6]",3,"[0, 4, 5]"
"[11, 11, 17, 17, 17]",8,"[0, 1, 3, 4, 5, 6, 8, 9]"
"[17, 17, 17, 11, 11]",6,"[0, 2, 5, 6, 8, 9]"
"[8, 8, 19, 19, 19]",8,"[0, 1, 2, 3, 4, 5, 8, 9]"
"[15, 15, 15, 14, 14]",8,"[0, 1, 2, 4, 5, 7, 8, 9]"
"[14, 14, 15, 15, 15]",10,"[0, 1, 2, 3, 4, 5, 6, 7, 8, 9]"
"[17, 17, 17, 17, 5]",3,"[0, 8, 9]"
"[1, 18, 18, 18, 18]",3,"[5, 7, 9]"
"[5, 17, 17, 17, 17]",4,"[0, 5, 8, 9]"
"[13, 13, 13, 17, 17]",3,"[0, 4, 5]"
"[17, 17, 13, 13, 13]",3,"[0, 5, 8]"
"[23, 23, 23, 2, 2]",6,"[0, 1, 2, 3, 4, 8]"
"[19, 19, 19, 8, 8]",8,"[0, 3, 4, 5, 6, 7, 8, 9]"
"[16, 16, 16, 16, 8]",3,"[0, 1, 5]"
"[14, 14, 14, 14, 16]",5,"[1, 4, 5, 8, 9]"
"[24, 24, 24, 0, 0]",6,"[2, 4, 5, 7, 8, 9]"
"[8, 16, 16, 16, 16]",5,"[0, 2, 4, 5, 8]"
"[0, 18, 18, 18, 18]",7,"[0, 2, 3, 4, 5, 7, 9]"
"[4, 17, 17, 17, 17]",4,"[0, 1, 8, 9]"
"[16, 14, 14, 14, 14]",7,"[1, 2, 3, 4, 5, 7, 9]"
"[14, 14, 14, 15, 15]",10,"[0, 1, 2, 3, 4, 5, 6, 7, 8, 9]"
"[15, 15, 15, 15, 12]",3,"[3, 4, 7]"
"[15, 15, 14, 14, 14]",8,"[0, 1, 2, 4, 5, 7, 8, 9]"
"[0, 0, 24, 24, 24]",6,"[1, 3, 6, 7, 8, 9]"
"[18, 18, 18, 18, 0]",7,"[0, 1, 4, 5, 7, 8, 9]"
"[15, 14, 14, 14, 14]",8,"[0, 1, 2, 4, 5, 7, 8, 9]"
"[16, 16, 16, 16, 7]",3,"[1, 4, 9]"
"[23, 12, 12, 12, 12]",5,"[0, 1, 4, 5, 7]"
"[1, 1, 23, 23, 23]",5,"[0, 1, 4, 8, 9]"
"[14, 14, 14, 14, 15]",10,"[0, 1, 2, 3, 4, 5, 6, 7, 8, 9]"
"[3, 17, 17, 17, 17]",8,"[0, 1, 2, 4, 5, 6, 8, 9]"
"[17, 17, 17, 17, 3]",4,"[5, 6, 7, 8]"
"[23, 23, 23, 1, 1]",6,"[1, 4, 5, 7, 8, 9]"
"[17, 17, 17, 17, 2]",4,"[0, 2, 8, 9]"
"[22, 12, 12, 12, 12]",5,"[0, 1, 4, 5, 9]"
"[14, 14, 14, 14, 14]",10,"[0, 1, 2, 3, 4, 5, 6, 7, 8, 9]"
"[12, 12, 12, 12, 22]",8,"[0, 1, 2, 4, 5, 6, 8, 9]"
"[17, 17, 12, 12, 12]",5,"[1, 5, 6, 8, 9]"
"[12, 12, 12, 17, 17]",5,"[0, 5, 6, 8, 9]"
"[18, 18, 18, 8, 8]",5,"[0, 2, 5, 7, 9]"
"[11, 11, 16, 16, 16]",3,"[4, 5, 8]"
"[16, 16, 16, 16, 6]",8,"[0, 2, 4, 5, 6, 7, 8, 9]"
"[0, 0, 23, 23, 23]",7,"[0, 1, 3, 4, 5, 8, 9]"
"[14, 14, 14, 14, 13]",7,"[2, 4, 5, 6, 7, 8, 9]"
"[1, 17, 17, 17, 17]",5,"[0, 4, 6, 8, 9]"
"[17, 13, 13, 13, 13]",3,"[0, 5, 8]"
"[23, 23, 23, 0, 0]",6,"[0, 1, 4, 6, 8, 9]"
"[9, 9, 17, 17, 17]",4,"[0, 6, 8, 9]"
"[15, 15, 15, 12, 12]",3,"[3, 4, 7]"
"[17, 17, 17, 9, 9]",9,"[0, 1, 2, 3, 4, 5, 6, 8, 9]"
"[13, 13, 13, 13, 17]",3,"[0, 4, 5]"
"[17, 17, 17, 17, 1]",9,"[0, 1, 3, 4, 5, 6, 7, 8, 9]"
"[19, 19, 19, 6, 6]",3,"[1, 5, 6]"
"[14, 14, 14, 13, 13]",7,"[2, 4, 5, 6, 7, 8, 9]"
"[17, 17, 17, 17, 0]",6,"[0, 4, 5, 6, 8, 9]"
"[22, 22, 22, 1, 1]",6,"[0, 4, 5, 6, 7, 9]"
"[15, 15, 15, 15, 8]",5,"[1, 4, 5, 8, 9]"
"[25, 25, 6, 6, 6]",3,"[0, 4, 5]"
"[11, 11, 11, 11, 24]",4,"[2, 3, 4, 8]"
"[18, 18, 18, 7, 7]",4,"[0, 3, 4, 5]"
"[0, 17, 17, 17, 17]",7,"[0, 2, 4, 6, 7, 8, 9]"
"[14, 14, 14, 14, 11]",3,"[0, 5, 8]"
"[17, 17, 11, 11, 11]",6,"[0, 2, 5, 6, 8, 9]"
"[11, 14, 14, 14, 14]",3,"[2, 5, 8]"
"[8, 8, 17, 17, 17]",8,"[0, 2, 3, 4, 5, 6, 8, 9]"
"[20, 20, 9, 9, 9]",3,"[0, 5, 8]"
"[15, 15, 15, 15, 7]",7,"[0, 1, 4, 5, 6, 7, 9]"
"[11, 11, 11, 17, 17]",8,"[0, 1, 3, 4, 5, 6, 8, 9]"
"[16, 16, 16, 16, 3]",3,"[1, 2, 7]"
"[17, 17, 17, 8, 8]",4,"[1, 5, 8, 9]"
"[3, 16, 16, 16, 16]",5,"[1, 2, 4, 6, 7]"
"[14, 14, 13, 13, 13]",7,"[2, 4, 5, 6, 7, 8, 9]"
"[6, 6, 6, 24, 24]",5,"[1, 4, 5, 8, 9]"
"[15, 15, 12, 12, 12]",3,"[3, 4, 7]"
"[6, 15, 15, 15, 15]",3,"[4, 6, 9]"
"[22, 22, 22, 0, 0]",4,"[0, 4, 5, 7]"
"[14, 13, 13, 13, 13]",7,"[2, 4, 5, 6, 7, 8, 9]"
"[2, 16, 16, 16, 16]",3,"[2, 4, 9]"
"[14, 14, 14, 14, 10]",3,"[0, 4, 8]"
"[0, 0, 22, 22, 22]",3,"[4, 5, 7]"
"[15, 15, 15, 15, 6]",4,"[0, 3, 6, 9]"
"[10, 14, 14, 14, 14]",3,"[4, 5, 8]"
"[11, 11, 11, 11, 22]",6,"[1, 2, 4, 5, 8, 9]"
"[16, 16, 16, 16, 2]",4,"[0, 2, 4, 8]"
"[6, 6, 18, 18, 18]",4,"[1, 5, 8, 9]"
"[15, 15, 15, 15, 5]",4,"[0, 4, 5, 9]"
"[17, 12, 12, 12, 12]",5,"[1, 5, 6, 8, 9]"
"[11, 11, 11, 16, 16]",3,"[4, 5, 8]"
"[12, 12, 12, 12, 17]",5,"[0, 5, 6, 8, 9]"
"[13, 13, 13, 13, 13]",10,"[0, 1, 2, 3, 4, 5, 6, 7, 8, 9]"
"[0, 16, 16, 16, 16]",7,"[0, 1, 2, 3, 6, 7, 9]"
"[11, 11, 14, 14, 14]",3,"[2, 5, 8]"
"[16, 16, 16, 16, 0]",4,"[1, 4, 5, 8]"
"[6, 6, 6, 23, 23]",4,"[0, 1, 4, 8]"
"[12, 13, 13, 13, 13]",4,"[0, 3, 4, 5]"
"[8, 14, 14, 14, 14]",3,"[4, 6, 9]"
"[13, 13, 13, 13, 12]",6,"[0, 1, 3, 4, 5, 8]"
"[14, 14, 14, 14, 8]",5,"[0, 1, 4, 5, 8]"
"[18, 18, 18, 5, 5]",3,"[7, 8, 9]"
"[23, 23, 6, 6, 6]",4,"[1, 5, 6, 9]"
"[16, 16, 16, 8, 8]",3,"[0, 1, 5]"
"[14, 14, 14, 11, 11]",3,"[0, 5, 8]"
"[8, 8, 16, 16, 16]",5,"[0, 2, 4, 5, 8]"
"[15, 15, 15, 15, 3]",7,"[0, 1, 4, 5, 6, 7, 8]"
"[19, 19, 19, 3, 3]",5,"[2, 4, 5, 7, 9]"
"[3, 3, 19, 19, 19]",8,"[0, 1, 2, 3, 4, 7, 8, 9]"
"[13, 13, 13, 12, 12]",6,"[0, 1, 3, 4, 5, 8]"
"[15, 12, 12, 12, 12]",3,"[3, 4, 7]"
"[3, 15, 15, 15, 15]",6,"[2, 4, 5, 6, 7, 9]"
"[12, 12, 13, 13, 13]",4,"[0, 3, 4, 5]"
"[11, 13, 13, 13, 13]",7,"[1, 2, 4, 5, 6, 8, 9]"
"[24, 24, 5, 5, 5]",6,"[0, 2, 5, 6, 7, 9]"
"[13, 13, 13, 13, 11]",9,"[0, 1, 3, 4, 5, 6, 7, 8, 9]"
"[17, 17, 17, 6, 6]",3,"[0, 4, 5]"
"[7, 14, 14, 14, 14]",9,"[0, 1, 3, 4, 5, 6, 7, 8, 9]"
"[14, 14, 14, 14, 7]",8,"[2, 3, 4, 5, 6, 7, 8, 9]"
"[16, 16, 16, 7, 7]",3,"[1, 4, 9]"
"[14, 14, 14, 14, 6]",5,"[2, 4, 5, 8, 9]"
"[14, 14, 14, 10, 10]",3,"[0, 4, 8]"
"[22, 22, 6, 6, 6]",4,"[1, 4, 8, 9]"
"[13, 13, 12, 12, 12]",6,"[0, 1, 3, 4, 5, 8]"
"[19, 19, 8, 8, 8]",8,"[0, 3, 4, 5, 6, 7, 8, 9]"
"[10, 10, 14, 14, 14]",3,"[4, 5, 8]"
"[6, 14, 14, 14, 14]",8,"[0, 2, 4, 5, 6, 7, 8, 9]"
"[6, 6, 6, 22, 22]",3,"[3, 6, 7]"
"[8, 8, 8, 19, 19]",8,"[0, 1, 2, 3, 4, 5, 8, 9]"
"[18, 18, 18, 4, 4]",4,"[6, 7, 8, 9]"
"[10, 13, 13, 13, 13]",6,"[0, 1, 2, 4, 5, 6]"
"[12, 12, 12, 13, 13]",4,"[0, 3, 4, 5]"
"[13, 13, 13, 13, 10]",6,"[1, 3, 4, 5, 6, 8]"
"[12, 12, 12, 12, 13]",4,"[0, 3, 4, 5]"
"[15, 15, 15, 8, 8]",5,"[1, 4, 5, 8, 9]"
"[3, 3, 3, 26, 26]",3,"[0, 5, 8]"
"[19, 19, 19, 2, 2]",8,"[0, 1, 2, 3, 4, 5, 8, 9]"
"[15, 15, 15, 15, 1]",4,"[3, 5, 7, 9]"
"[5, 5, 17, 17, 17]",4,"[0, 5, 8, 9]"
"[11, 11, 11, 14, 14]",3,"[2, 5, 8]"
"[9, 9, 9, 17, 17]",4,"[0, 6, 8, 9]"
"[14, 14, 11, 11, 11]",3,"[0, 5, 8]"
"[2, 2, 19, 19, 19]",5,"[1, 2, 4, 5, 9]"
"[17, 17, 9, 9, 9]",9,"[0, 1, 2, 3, 4, 5, 6, 8, 9]"
"[26, 26, 3, 3, 3]",3,"[0, 5, 9]"
"[17, 11, 11, 11, 11]",6,"[0, 2, 5, 6, 8, 9]"
"[11, 11, 11, 11, 17]",8,"[0, 1, 3, 4, 5, 6, 8, 9]"
"[13, 13, 13, 11, 11]",9,"[0, 1, 3, 4, 5, 6, 7, 8, 9]"
"[17, 17, 17, 5, 5]",3,"[0, 8, 9]"
"[1, 15, 15, 15, 15]",3,"[1, 3, 6]"
"[13, 12, 12, 12, 12]",6,"[0, 1, 3, 4, 5, 8]"
"[13, 13, 13, 13, 9]",4,"[0, 2, 5, 8]"
"[11, 11, 13, 13, 13]",7,"[1, 2, 4, 5, 6, 8, 9]"
"[18, 18, 8, 8, 8]",5,"[0, 2, 5, 7, 9]"
"[8, 13, 13, 13, 13]",4,"[4, 5, 6, 7]"
"[11, 11, 11, 11, 16]",3,"[4, 5, 8]"
"[12, 12, 12, 12, 12]",10,"[0, 1, 2, 3, 4, 5, 6, 7, 8, 9]"
"[18, 18, 18, 3, 3]",4,"[5, 7, 8, 9]"
"[8, 8, 8, 8, 28]",3,"[4, 5, 9]"
"[16, 16, 16, 6, 6]",8,"[0, 2, 4, 5, 6, 7, 8, 9]"
"[4, 14, 14, 14, 14]",3,"[5, 7, 8]"
"[13, 13, 13, 13, 8]",3,"[0, 5, 8]"
"[3, 3, 18, 18, 18]",9,"[0, 1, 2, 4, 5, 6, 7, 8, 9]"
"[15, 15, 15, 15, 0]",6,"[2, 3, 4, 6, 7, 9]"
"[0, 15, 15, 15, 15]",8,"[1, 2, 3, 4, 5, 6, 7, 9]"
"[13, 13, 13, 10, 10]",6,"[1, 3, 4, 5, 6, 8]"
"[7, 13, 13, 13, 13]",5,"[1, 2, 3, 5, 9]"
"[10, 10, 13, 13, 13]",6,"[0, 1, 2, 4, 5, 6]"
"[15, 15, 15, 7, 7]",7,"[0, 1, 4, 5, 6, 7, 9]"
"[4, 4, 17, 17, 17]",4,"[0, 1, 8, 9]"
"[1, 1, 19, 19, 19]",4,"[2, 4, 7, 9]"
"[12, 12, 12, 12, 11]",8,"[0, 1, 3, 4, 5, 6, 8, 9]"
"[13, 13, 13, 13, 7]",4,"[0, 5, 6, 8]"
"[11, 11, 11, 13, 13]",7,"[1, 2, 4, 5, 6, 8, 9]"
"[13, 13, 11, 11, 11]",9,"[0, 1, 3, 4, 5, 6, 7, 8, 9]"
"[3, 3, 3, 25, 25]",4,"[1, 5, 7, 9]"
"[3, 14, 14, 14, 14]",4,"[2, 5, 7, 9]"
"[11, 12, 12, 12, 12]",6,"[0, 1, 2, 4, 5, 8]"
"[10, 10, 10, 14, 14]",3,"[4, 5, 8]"
"[14, 14, 10, 10, 10]",3,"[0, 4, 8]"
"[11, 11, 11, 11, 14]",3,"[2, 5, 8]"
"[12, 12, 12, 11, 11]",8,"[0, 1, 3, 4, 5, 6, 8, 9]"
"[2, 14, 14, 14, 14]",7,"[0, 1, 2, 4, 5, 7, 9]"
"[8, 8, 8, 17, 17]",8,"[0, 2, 3, 4, 5, 6, 8, 9]"
"[11, 11, 12, 12, 12]",6,"[0, 1, 2, 4, 5, 8]"
"[4, 4, 4, 23, 23]",7,"[0, 1, 4, 5, 6, 8, 9]"
"[23, 23, 4, 4, 4]",3,"[1, 4, 9]"
"[10, 12, 12, 12, 12]",5,"[0, 1, 4, 5, 6]"
"[12, 12, 12, 12, 10]",5,"[0, 1, 4, 5, 7]"
"[6, 13, 13, 13, 13]",10,"[0, 1, 2, 3, 4, 5, 6, 7, 8, 9]"
"[14, 14, 14, 14, 2]",8,"[0, 1, 2, 4, 5, 7, 8, 9]"
"[13, 13, 13, 13, 6]",7,"[0, 1, 3, 4, 7, 8, 9]"
"[14, 11, 11, 11, 11]",3,"[0, 5, 8]"
"[8, 8, 14, 14, 14]",3,"[4, 6, 9]"
"[17, 17, 8, 8, 8]",4,"[1, 5, 8, 9]"
"[14, 14, 14, 8, 8]",5,"[0, 1, 4, 5, 8]"
"[13, 11, 11, 11, 11]",9,"[0, 1, 3, 4, 5, 6, 7, 8, 9]"
"[15, 15, 15, 6, 6]",4,"[0, 3, 6, 9]"
"[12, 12, 11, 11, 11]",8,"[0, 1, 3, 4, 5, 6, 8, 9]"
"[11, 11, 11, 12, 12]",6,"[0, 1, 2, 4, 5, 8]"
"[19, 19, 19, 0, 0]",7,"[0, 1, 2, 3, 4, 7, 9]"
"[3, 3, 17, 17, 17]",8,"[0, 1, 2, 4, 5, 6, 8, 9]"
"[17, 17, 17, 3, 3]",4,"[5, 6, 7, 8]"
"[5, 13, 13, 13, 13]",3,"[3, 4, 5]"
"[13, 13, 13, 13, 5]",9,"[0, 1, 2, 3, 4, 5, 6, 7, 8]"
"[9, 12, 12, 12, 12]",7,"[0, 2, 3, 5, 6, 8, 9]"
"[11, 11, 11, 11, 13]",7,"[1, 2, 4, 5, 6, 8, 9]"
"[14, 14, 14, 14, 1]",6,"[0, 1, 2, 3, 5, 7]"
"[24, 24, 3, 3, 3]",5,"[1, 3, 6, 7, 9]"
"[6, 6, 15, 15, 15]",3,"[4, 6, 9]"
"[3, 3, 3, 24, 24]",5,"[2, 4, 5, 6, 7]"
"[18, 18, 7, 7, 7]",4,"[0, 3, 4, 5]"
"[0, 0, 19, 19, 19]",9,"[0, 1, 2, 3, 4, 5, 6, 7, 9]"
"[1, 14, 14, 14, 14]",9,"[0, 1, 2, 4, 5, 6, 7, 8, 9]"
"[13, 13, 13, 9, 9]",4,"[0, 2, 5, 8]"
"[12, 12, 12, 12, 9]",4,"[0, 4, 6, 9]"
"[20, 9, 9, 9, 9]",3,"[0, 5, 8]"
"[0, 14, 14, 14, 14]",9,"[0, 1, 2, 3, 4, 5, 7, 8, 9]"
"[10, 10, 12, 12, 12]",5,"[0, 1, 4, 5, 6]"
"[7, 7, 14, 14, 14]",9,"[0, 1, 3, 4, 5, 6, 7, 8, 9]"
"[12, 12, 12, 10, 10]",5,"[0, 1, 4, 5, 7]"
"[11, 11, 11, 11, 12]",6,"[0, 1, 2, 4, 5, 8]"
"[16, 16, 8, 8, 8]",3,"[0, 1, 5]"
"[19, 19, 6, 6, 6]",3,"[1, 5, 6]"
"[13, 13, 13, 13, 4]",10,"[0, 1, 2, 3, 4, 5, 6, 7, 8, 9]"
"[12, 11, 11, 11, 11]",8,"[0, 1, 3, 4, 5, 6, 8, 9]"
"[8, 12, 12, 12, 12]",10,"[0, 1, 2, 3, 4, 5, 6, 7, 8, 9]"
"[4, 13, 13, 13, 13]",4,"[2, 4, 5, 6]"
"[10, 10, 10, 13, 13]",6,"[0, 1, 2, 4, 5, 6]"
"[1, 1, 18, 18, 18]",3,"[5, 7, 9]"
"[13, 13, 10, 10, 10]",6,"[1, 3, 4, 5, 6, 8]"
"[22, 22, 4, 4, 4]",6,"[1, 3, 4, 5, 8, 9]"
"[14, 14, 14, 14, 0]",9,"[0, 1, 2, 3, 4, 5, 7, 8, 9]"
"[8, 8, 8, 16, 16]",5,"[0, 2, 4, 5, 8]"
"[14, 14, 14, 7, 7]",8,"[2, 3, 4, 5, 6, 7, 8, 9]"
"[3, 13, 13, 13, 13]",4,"[0, 3, 5, 7]"
"[3, 3, 3, 23, 23]",5,"[1, 3, 5, 6, 8]"
"[12, 12, 12, 12, 7]",6,"[2, 3, 4, 5, 6, 7]"
"[15, 15, 15, 5, 5]",4,"[0, 4, 5, 9]"
"[13, 13, 13, 8, 8]",3,"[0, 5, 8]"
"[13, 13, 13, 13, 3]",10,"[0, 1, 2, 3, 4, 5, 6, 7, 8, 9]"
"[7, 12, 12, 12, 12]",5,"[0, 1, 3, 5, 6]"
"[11, 11, 11, 11, 11]",10,"[0, 1, 2, 3, 4, 5, 6, 7, 8, 9]"
"[8, 8, 13, 13, 13]",4,"[4, 5, 6, 7]"
"[17, 17, 17, 2, 2]",4,"[0, 2, 8, 9]"
"[12, 12, 12, 9, 9]",4,"[0, 4, 6, 9]"
"[15, 15, 8, 8, 8]",5,"[1, 4, 5, 8, 9]"
"[0, 0, 18, 18, 18]",7,"[0, 2, 3, 4, 5, 7, 9]"
"[18, 18, 18, 0, 0]",7,"[0, 1, 4, 5, 7, 8, 9]"
"[9, 9, 12, 12, 12]",7,"[0, 2, 3, 5, 6, 8, 9]"
"[6, 12, 12, 12, 12]",4,"[4, 5, 8, 9]"
"[16, 16, 16, 3, 3]",3,"[1, 2, 7]"
"[6, 6, 14, 14, 14]",8,"[0, 2, 4, 5, 6, 7, 8, 9]"
"[10, 11, 11, 11, 11]",6,"[1, 2, 5, 6, 8, 9]"
"[10, 10, 10, 10, 14]",3,"[4, 5, 8]"
"[11, 11, 11, 11, 10]",8,"[0, 1, 4, 5, 6, 7, 8, 9]"
"[12, 12, 12, 12, 6]",9,"[0, 1, 3, 4, 5, 6, 7, 8, 9]"
"[6, 6, 6, 18, 18]",4,"[1, 5, 8, 9]"
"[13, 13, 13, 13, 2]",6,"[0, 3, 5, 6, 8, 9]"
"[3, 3, 16, 16, 16]",5,"[1, 2, 4, 6, 7]"
"[10, 10, 10, 12, 12]",5,"[0, 1, 4, 5, 6]"
"[2, 13, 13, 13, 13]",10,"[0, 1, 2, 3, 4, 5, 6, 7, 8, 9]"
"[12, 12, 10, 10, 10]",5,"[0, 1, 4, 5, 7]"
"[14, 14, 14, 6, 6]",5,"[2, 4, 5, 8, 9]"
"[14, 10, 10, 10, 10]",3,"[0, 4, 8]"
"[11, 11, 11, 11, 9]",7,"[0, 1, 4, 5, 6, 8, 9]"
"[10, 10, 11, 11, 11]",6,"[1, 2, 5, 6, 8, 9]"
"[17, 17, 17, 1, 1]",9,"[0, 1, 3, 4, 5, 6, 7, 8, 9]"
"[12, 12, 12, 12, 5]",10,"[0, 1, 2, 3, 4, 5, 6, 7, 8, 9]"
"[9, 9, 9, 9, 17]",4,"[0, 6, 8, 9]"
"[9, 11, 11, 11, 11]",10,"[0, 1, 2, 3, 4, 5, 6, 7, 8, 9]"
"[1, 13, 13, 13, 13]",8,"[0, 1, 4, 5, 6, 7, 8, 9]"
"[10, 10, 10, 10, 13]",6,"[0, 1, 2, 4, 5, 6]"
"[16, 16, 7, 7, 7]",3,"[1, 4, 9]"
"[13, 13, 13, 7, 7]",4,"[0, 5, 6, 8]"
"[13, 13, 9, 9, 9]",4,"[0, 2, 5, 8]"
"[13, 10, 10, 10, 10]",6,"[1, 3, 4, 5, 6, 8]"
"[7, 7, 13, 13, 13]",5,"[1, 2, 3, 5, 9]"
"[13, 13, 13, 13, 1]",10,"[0, 1, 2, 3, 4, 5, 6, 7, 8, 9]"
"[17, 9, 9, 9, 9]",9,"[0, 1, 2, 3, 4, 5, 6, 8, 9]"
"[1, 1, 17, 17, 17]",5,"[0, 4, 6, 8, 9]"
"[11, 11, 11, 10, 10]",8,"[0, 1, 4, 5, 6, 7, 8, 9]"
"[5, 12, 12, 12, 12]",7,"[0, 3, 4, 5, 6, 8, 9]"
"[8, 8, 8, 14, 14]",3,"[4, 6, 9]"
"[10, 10, 10, 10, 12]",5,"[0, 1, 4, 5, 6]"
"[11, 11, 10, 10, 10]",8,"[0, 1, 4, 5, 6, 7, 8, 9]"
"[12, 10, 10, 10, 10]",5,"[0, 1, 4, 5, 7]"
"[8, 8, 12, 12, 12]",10,"[0, 1, 2, 3, 4, 5, 6, 7, 8, 9]"
"[17, 17, 6, 6, 6]",3,"[0, 4, 5]"
"[13, 13, 13, 13, 0]",10,"[0, 1, 2, 3, 4, 5, 6, 7, 8, 9]"
"[11, 11, 11, 11, 8]",4,"[3, 4, 5, 6]"
"[10, 10, 10, 11, 11]",6,"[1, 2, 5, 6, 8, 9]"
"[8, 11, 11, 11, 11]",7,"[0, 1, 3, 4, 6, 8, 9]"
"[12, 12, 12, 12, 4]",10,"[0, 1, 2, 3, 4, 5, 6, 7, 8, 9]"
"[0, 13, 13, 13, 13]",9,"[0, 2, 3, 4, 5, 6, 7, 8, 9]"
"[23, 23, 2, 2, 2]",6,"[0, 1, 2, 3, 4, 8]"
"[4, 12, 12, 12, 12]",6,"[0, 1, 3, 4, 5, 7]"
"[26, 26, 0, 0, 0]",3,"[0, 3, 4]"
"[0, 0, 0, 26, 26]",4,"[0, 2, 4, 9]"
"[14, 14, 8, 8, 8]",5,"[0, 1, 4, 5, 8]"
"[2, 2, 16, 16, 16]",3,"[2, 4, 9]"
"[16, 16, 16, 2, 2]",4,"[0, 2, 4, 8]"
"[11, 10, 10, 10, 10]",8,"[0, 1, 4, 5, 6, 7, 8, 9]"
"[18, 18, 5, 5, 5]",3,"[7, 8, 9]"
"[8, 8, 8, 8, 19]",8,"[0, 1, 2, 3, 4, 5, 8, 9]"
"[0, 0, 17, 17, 17]",7,"[0, 2, 4, 6, 7, 8, 9]"
"[13, 13, 13, 6, 6]",7,"[0, 1, 3, 4, 7, 8, 9]"
"[9, 9, 9, 12, 12]",7,"[0, 2, 3, 5, 6, 8, 9]"
"[11, 11, 11, 9, 9]",7,"[0, 1, 4, 5, 6, 8, 9]"
"[9, 9, 11, 11, 11]",10,"[0, 1, 2, 3, 4, 5, 6, 7, 8, 9]"
"[6, 6, 13, 13, 13]",10,"[0, 1, 2, 3, 4, 5, 6, 7, 8, 9]"
"[19, 8, 8, 8, 8]",8,"[0, 3, 4, 5, 6, 7, 8, 9]"
"[3, 12, 12, 12, 12]",8,"[0, 1, 2, 3, 4, 5, 6, 7]"
"[10, 10, 10, 10, 11]",6,"[1, 2, 5, 6, 8, 9]"
"[12, 12, 9, 9, 9]",4,"[0, 4, 6, 9]"
"[24, 24, 1, 1, 1]",4,"[0, 4, 8, 9]"
"[3, 3, 15, 15, 15]",6,"[2, 4, 5, 6, 7, 9]"
"[15, 15, 7, 7, 7]",7,"[0, 1, 4, 5, 6, 7, 9]"
"[17, 17, 17, 0, 0]",6,"[0, 4, 5, 6, 8, 9]"
"[12, 12, 12, 12, 3]",7,"[0, 3, 4, 5, 6, 8, 9]"
"[15, 15, 15, 3, 3]",7,"[0, 1, 4, 5, 6, 7, 8]"
"[11, 11, 11, 11, 7]",10,"[0, 1, 2, 3, 4, 5, 6, 7, 8, 9]"
"[7, 11, 11, 11, 11]",4,"[1, 2, 5, 8]"
"[7, 7, 12, 12, 12]",5,"[0, 1, 3, 5, 6]"
"[18, 8, 8, 8, 8]",5,"[0, 2, 5, 7, 9]"
"[6, 11, 11, 11, 11]",7,"[0, 1, 4, 5, 7, 8, 9]"
"[12, 12, 12, 7, 7]",6,"[2, 3, 4, 5, 6, 7]"
"[4, 4, 14, 14, 14]",3,"[5, 7, 8]"
"[16, 16, 6, 6, 6]",8,"[0, 2, 4, 5, 6, 7, 8, 9]"
"[0, 0, 0, 25, 25]",3,"[0, 5, 7]"
"[2, 12, 12, 12, 12]",9,"[0, 1, 3, 4, 5, 6, 7, 8, 9]"
"[10, 10, 10, 10, 10]",10,"[0, 1, 2, 3, 4, 5, 6, 7, 8, 9]"
"[13, 13, 8, 8, 8]",3,"[0, 5, 8]"
"[12, 12, 12, 12, 2]",9,"[0, 1, 2, 3, 4, 5, 6, 7, 8]"
"[11, 11, 11, 11, 6]",10,"[0, 1, 2, 3, 4, 5, 6, 7, 8, 9]"
"[8, 8, 8, 13, 13]",4,"[4, 5, 6, 7]"
"[13, 13, 13, 5, 5]",9,"[0, 1, 2, 3, 4, 5, 6, 7, 8]"
"[11, 11, 11, 8, 8]",4,"[3, 4, 5, 6]"
"[1, 1, 1, 23, 23]",5,"[0, 1, 4, 8, 9]"
"[5, 11, 11, 11, 11]",10,"[0, 1, 2, 3, 4, 5, 6, 7, 8, 9]"
"[12, 12, 12, 12, 1]",10,"[0, 1, 2, 3, 4, 5, 6, 7, 8, 9]"
"[9, 9, 9, 11, 11]",10,"[0, 1, 2, 3, 4, 5, 6, 7, 8, 9]"
"[9, 10, 10, 10, 10]",10,"[0, 1, 2, 3, 4, 5, 6, 7, 8, 9]"
"[14, 14, 7, 7, 7]",8,"[2, 3, 4, 5, 6, 7, 8, 9]"
"[23, 23, 1, 1, 1]",6,"[1, 4, 5, 7, 8, 9]"
"[17, 8, 8, 8, 8]",4,"[1, 5, 8, 9]"
"[8, 8, 11, 11, 11]",7,"[0, 1, 3, 4, 6, 8, 9]"
"[5, 5, 5, 17, 17]",4,"[0, 5, 8, 9]"
"[1, 12, 12, 12, 12]",9,"[0, 1, 2, 3, 4, 5, 6, 7, 8]"
"[10, 10, 10, 10, 9]",10,"[0, 1, 2, 3, 4, 5, 6, 7, 8, 9]"
"[5, 5, 13, 13, 13]",3,"[3, 4, 5]"
"[11, 11, 11, 11, 5]",7,"[0, 1, 3, 4, 5, 6, 9]"
"[25, 6, 6, 6, 6]",3,"[0, 4, 5]"
"[13, 9, 9, 9, 9]",4,"[0, 2, 5, 8]"
"[8, 8, 8, 8, 17]",8,"[0, 2, 3, 4, 5, 6, 8, 9]"
"[17, 17, 5, 5, 5]",3,"[0, 8, 9]"
"[7, 7, 7, 14, 14]",9,"[0, 1, 3, 4, 5, 6, 7, 8, 9]"
"[11, 11, 9, 9, 9]",7,"[0, 1, 4, 5, 6, 8, 9]"
"[8, 10, 10, 10, 10]",10,"[0, 1, 2, 3, 4, 5, 6, 7, 8, 9]"
"[11, 11, 11, 11, 4]",10,"[0, 1, 2, 3, 4, 5, 6, 7, 8, 9]"
"[8, 8, 8, 8, 16]",5,"[0, 2, 4, 5, 8]"
"[16, 8, 8, 8, 8]",3,"[0, 1, 5]"
"[0, 0, 0, 24, 24]",6,"[1, 3, 6, 7, 8, 9]"
"[6, 6, 6, 6, 24]",5,"[1, 4, 5, 8, 9]"
"[12, 9, 9, 9, 9]",4,"[0, 4, 6, 9]"
"[10, 10, 10, 9, 9]",10,"[0, 1, 2, 3, 4, 5, 6, 7, 8, 9]"
"[9, 9, 9, 9, 12]",7,"[0, 2, 3, 5, 6, 8, 9]"
"[3, 3, 14, 14, 14]",4,"[2, 5, 7, 9]"
"[0, 0, 16, 16, 16]",7,"[0, 1, 2, 3, 6, 7, 9]"
"[0, 12, 12, 12, 12]",10,"[0, 1, 2, 3, 4, 5, 6, 7, 8, 9]"
"[12, 12, 12, 6, 6]",9,"[0, 1, 3, 4, 5, 6, 7, 8, 9]"
"[6, 6, 12, 12, 12]",4,"[4, 5, 8, 9]"
"[9, 9, 10, 10, 10]",10,"[0, 1, 2, 3, 4, 5, 6, 7, 8, 9]"
"[8, 8, 8, 12, 12]",10,"[0, 1, 2, 3, 4, 5, 6, 7, 8, 9]"
"[10, 10, 10, 10, 8]",5,"[0, 1, 4, 5, 6]"
"[15, 15, 6, 6, 6]",4,"[0, 3, 6, 9]"
"[16, 16, 16, 0, 0]",4,"[1, 4, 5, 8]"
"[4, 11, 11, 11, 11]",9,"[0, 1, 3, 4, 5, 6, 7, 8, 9]"
"[12, 12, 12, 12, 0]",9,"[0, 1, 2, 3, 4, 5, 6, 7, 8]"
"[6, 6, 6, 15, 15]",3,"[4, 6, 9]"
"[24, 24, 0, 0, 0]",6,"[2, 4, 5, 7, 8, 9]"
"[18, 18, 4, 4, 4]",4,"[6, 7, 8, 9]"
"[7, 7, 11, 11, 11]",4,"[1, 2, 5, 8]"
"[15, 15, 15, 1, 1]",4,"[3, 5, 7, 9]"
"[22, 22, 1, 1, 1]",6,"[0, 4, 5, 6, 7, 9]"
"[10, 10, 10, 10, 7]",9,"[0, 1, 2, 3, 4, 5, 6, 7, 8]"
"[11, 9, 9, 9, 9]",7,"[0, 1, 4, 5, 6, 8, 9]"
"[19, 19, 3, 3, 3]",5,"[2, 4, 5, 7, 9]"
"[6, 6, 6, 6, 23]",4,"[0, 1, 4, 8]"
"[9, 9, 9, 9, 11]",10,"[0, 1, 2, 3, 4, 5, 6, 7, 8, 9]"
"[3, 11, 11, 11, 11]",7,"[0, 2, 3, 5, 6, 8, 9]"
"[10, 10, 9, 9, 9]",10,"[0, 1, 2, 3, 4, 5, 6, 7, 8, 9]"
"[3, 3, 3, 19, 19]",8,"[0, 1, 2, 3, 4, 7, 8, 9]"
"[23, 6, 6, 6, 6]",4,"[1, 5, 6, 9]"
"[13, 13, 7, 7, 7]",4,"[0, 5, 6, 8]"
"[4, 4, 13, 13, 13]",4,"[2, 4, 5, 6]"
"[1, 1, 15, 15, 15]",3,"[1, 3, 6]"
"[9, 9, 9, 10, 10]",10,"[0, 1, 2, 3, 4, 5, 6, 7, 8, 9]"
"[7, 7, 7, 13, 13]",5,"[1, 2, 3, 5, 9]"
"[7, 10, 10, 10, 10]",10,"[0, 1, 2, 3, 4, 5, 6, 7, 8, 9]"
"[15, 8, 8, 8, 8]",5,"[1, 4, 5, 8, 9]"
"[13, 13, 13, 4, 4]",10,"[0, 1, 2, 3, 4, 5, 6, 7, 8, 9]"
"[11, 11, 11, 11, 3]",6,"[0, 3, 5, 6, 7, 8]"
"[11, 11, 11, 7, 7]",10,"[0, 1, 2, 3, 4, 5, 6, 7, 8, 9]"
"[10, 9, 9, 9, 9]",10,"[0, 1, 2, 3, 4, 5, 6, 7, 8, 9]"
"[11, 11, 8, 8, 8]",4,"[3, 4, 5, 6]"
"[4, 4, 4, 17, 17]",4,"[0, 1, 8, 9]"
"[14, 14, 14, 2, 2]",8,"[0, 1, 2, 4, 5, 7, 8, 9]"
"[6, 6, 6, 6, 22]",3,"[3, 6, 7]"
"[14, 14, 6, 6, 6]",5,"[2, 4, 5, 8, 9]"
"[11, 11, 11, 11, 2]",5,"[0, 4, 5, 8, 9]"
"[5, 5, 12, 12, 12]",7,"[0, 3, 4, 5, 6, 8, 9]"
"[10, 10, 10, 10, 6]",10,"[0, 1, 2, 3, 4, 5, 6, 7, 8, 9]"
"[8, 8, 8, 11, 11]",7,"[0, 1, 3, 4, 6, 8, 9]"
"[12, 12, 12, 5, 5]",10,"[0, 1, 2, 3, 4, 5, 6, 7, 8, 9]"
"[14, 8, 8, 8, 8]",5,"[0, 1, 4, 5, 8]"
"[22, 6, 6, 6, 6]",4,"[1, 4, 8, 9]"
"[18, 7, 7, 7, 7]",4,"[0, 3, 4, 5]"
"[6, 6, 6, 14, 14]",8,"[0, 2, 4, 5, 6, 7, 8, 9]"
"[8, 8, 8, 8, 14]",3,"[4, 6, 9]"
"[10, 10, 10, 8, 8]",5,"[0, 1, 4, 5, 6]"
"[0, 0, 0, 23, 23]",7,"[0, 1, 3, 4, 5, 8, 9]"
"[6, 10, 10, 10, 10]",5,"[1, 4, 5, 8, 9]"
"[23, 23, 0, 0, 0]",6,"[0, 1, 4, 6, 8, 9]"
"[2, 2, 14, 14, 14]",7,"[0, 1, 2, 4, 5, 7, 9]"
"[2, 11, 11, 11, 11]",10,"[0, 1, 2, 3, 4, 5, 6, 7, 8, 9]"
"[9, 9, 9, 9, 10]",10,"[0, 1, 2, 3, 4, 5, 6, 7, 8, 9]"
"[8, 8, 10, 10, 10]",10,"[0, 1, 2, 3, 4, 5, 6, 7, 8, 9]"
"[18, 18, 3, 3, 3]",4,"[5, 7, 8, 9]"
"[10, 10, 10, 10, 5]",8,"[0, 2, 3, 4, 5, 6, 8, 9]"
"[11, 11, 11, 6, 6]",10,"[0, 1, 2, 3, 4, 5, 6, 7, 8, 9]"
"[1, 11, 11, 11, 11]",9,"[0, 2, 3, 4, 5, 6, 7, 8, 9]"
"[3, 3, 3, 18, 18]",9,"[0, 1, 2, 4, 5, 6, 7, 8, 9]"
"[15, 15, 5, 5, 5]",4,"[0, 4, 5, 9]"
"[3, 3, 13, 13, 13]",4,"[0, 3, 5, 7]"
"[11, 11, 11, 11, 1]",10,"[0, 1, 2, 3, 4, 5, 6, 7, 8, 9]"
"[13, 13, 13, 3, 3]",10,"[0, 1, 2, 3, 4, 5, 6, 7, 8, 9]"
"[0, 0, 15, 15, 15]",8,"[1, 2, 3, 4, 5, 6, 7, 9]"
"[7, 7, 7, 12, 12]",5,"[0, 1, 3, 5, 6]"
"[5, 10, 10, 10, 10]",7,"[0, 1, 3, 4, 5, 6, 7]"
"[8, 8, 8, 8, 13]",4,"[4, 5, 6, 7]"
"[9, 9, 9, 9, 9]",10,"[0, 1, 2, 3, 4, 5, 6, 7, 8, 9]"
"[15, 15, 15, 0, 0]",6,"[2, 3, 4, 6, 7, 9]"
"[6, 6, 11, 11, 11]",7,"[0, 1, 4, 5, 7, 8, 9]"
"[13, 8, 8, 8, 8]",3,"[0, 5, 8]"
"[12, 12, 7, 7, 7]",6,"[2, 3, 4, 5, 6, 7]"
"[13, 13, 6, 6, 6]",7,"[0, 1, 3, 4, 7, 8, 9]"
"[0, 11, 11, 11, 11]",10,"[0, 1, 2, 3, 4, 5, 6, 7, 8, 9]"
"[6, 6, 6, 13, 13]",10,"[0, 1, 2, 3, 4, 5, 6, 7, 8, 9]"
"[8, 9, 9, 9, 9]",10,"[0, 1, 2, 3, 4, 5, 6, 7, 8, 9]"
"[1, 1, 14, 14, 14]",9,"[0, 1, 2, 4, 5, 6, 7, 8, 9]"
"[7, 7, 10, 10, 10]",10,"[0, 1, 2, 3, 4, 5, 6, 7, 8, 9]"
"[12, 12, 12, 4, 4]",10,"[0, 1, 2, 3, 4, 5, 6, 7, 8, 9]"
"[8, 8, 8, 8, 12]",10,"[0, 1, 2, 3, 4, 5, 6, 7, 8, 9]"
"[16, 7, 7, 7, 7]",3,"[1, 4, 9]"
"[2, 2, 2, 19, 19]",5,"[1, 2, 4, 5, 9]"
"[10, 10, 10, 7, 7]",9,"[0, 1, 2, 3, 4, 5, 6, 7, 8]"
"[8, 8, 8, 10, 10]",10,"[0, 1, 2, 3, 4, 5, 6, 7, 8, 9]"
"[19, 19, 2, 2, 2]",8,"[0, 1, 2, 3, 4, 5, 8, 9]"
"[11, 11, 11, 11, 0]",9,"[0, 1, 2, 3, 4, 5, 6, 8, 9]"
"[4, 4, 12, 12, 12]",6,"[0, 1, 3, 4, 5, 7]"
"[10, 10, 8, 8, 8]",5,"[0, 1, 4, 5, 6]"
"[0, 0, 0, 22, 22]",3,"[4, 5, 7]"
"[22, 22, 0, 0, 0]",4,"[0, 4, 5, 7]"
"[14, 14, 14, 1, 1]",6,"[0, 1, 2, 3, 5, 7]"
"[4, 10, 10, 10, 10]",8,"[0, 3, 4, 5, 6, 7, 8, 9]"
"[24, 5, 5, 5, 5]",6,"[0, 2, 5, 6, 7, 9]"
"[10, 10, 10, 10, 4]",9,"[0, 1, 3, 4, 5, 6, 7, 8, 9]"
"[9, 9, 9, 9, 8]",7,"[0, 1, 2, 3, 4, 5, 9]"
"[17, 17, 3, 3, 3]",4,"[5, 6, 7, 8]"
"[7, 9, 9, 9, 9]",5,"[0, 2, 3, 4, 5]"
"[9, 9, 9, 9, 7]",8,"[0, 2, 3, 4, 5, 7, 8, 9]"
"[13, 13, 13, 2, 2]",6,"[0, 3, 5, 6, 8, 9]"
"[19, 6, 6, 6, 6]",3,"[1, 5, 6]"
"[7, 7, 7, 11, 11]",4,"[1, 2, 5, 8]"
"[8, 8, 8, 8, 11]",7,"[0, 1, 3, 4, 6, 8, 9]"
"[11, 11, 11, 5, 5]",7,"[0, 1, 3, 4, 5, 6, 9]"
"[3, 3, 3, 17, 17]",8,"[0, 1, 2, 4, 5, 6, 8, 9]"
"[9, 9, 9, 8, 8]",7,"[0, 1, 2, 3, 4, 5, 9]"
"[15, 7, 7, 7, 7]",7,"[0, 1, 4, 5, 6, 7, 9]"
"[5, 5, 11, 11, 11]",10,"[0, 1, 2, 3, 4, 5, 6, 7, 8, 9]"
"[8, 8, 9, 9, 9]",10,"[0, 1, 2, 3, 4, 5, 6, 7, 8, 9]"
"[10, 10, 10, 10, 3]",9,"[0, 1, 2, 3, 4, 5, 6, 7, 9]"
"[11, 8, 8, 8, 8]",4,"[3, 4, 5, 6]"
"[11, 11, 7, 7, 7]",10,"[0, 1, 2, 3, 4, 5, 6, 7, 8, 9]"
"[3, 10, 10, 10, 10]",5,"[1, 4, 5, 6, 7]"
"[2, 2, 13, 13, 13]",10,"[0, 1, 2, 3, 4, 5, 6, 7, 8, 9]"
"[6, 9, 9, 9, 9]",9,"[0, 1, 2, 3, 4, 5, 6, 8, 9]"
"[10, 10, 10, 6, 6]",10,"[0, 1, 2, 3, 4, 5, 6, 7, 8, 9]"
"[8, 8, 8, 8, 10]",10,"[0, 1, 2, 3, 4, 5, 6, 7, 8, 9]"
"[9, 9, 8, 8, 8]",7,"[0, 1, 2, 3, 4, 5, 9]"
"[6, 6, 10, 10, 10]",5,"[1, 4, 5, 8, 9]"
"[7, 7, 7, 7, 14]",9,"[0, 1, 3, 4, 5, 6, 7, 8, 9]"
"[10, 8, 8, 8, 8]",5,"[0, 1, 4, 5, 6]"
"[14, 14, 14, 0, 0]",9,"[0, 1, 2, 3, 4, 5, 7, 8, 9]"
"[3, 3, 12, 12, 12]",8,"[0, 1, 2, 3, 4, 5, 6, 7]"
"[12, 12, 12, 3, 3]",7,"[0, 3, 4, 5, 6, 8, 9]"
"[2, 10, 10, 10, 10]",10,"[0, 1, 2, 3, 4, 5, 6, 7, 8, 9]"
"[10, 10, 10, 10, 2]",10,"[0, 1, 2, 3, 4, 5, 6, 7, 8, 9]"
"[9, 9, 9, 9, 6]",7,"[0, 1, 4, 5, 6, 8, 9]"
"[6, 6, 6, 6, 18]",4,"[1, 5, 8, 9]"
"[6, 6, 6, 12, 12]",4,"[4, 5, 8, 9]"
"[0, 0, 14, 14, 14]",9,"[0, 1, 2, 3, 4, 5, 7, 8, 9]"
"[8, 8, 8, 9, 9]",10,"[0, 1, 2, 3, 4, 5, 6, 7, 8, 9]"
"[14, 7, 7, 7, 7]",8,"[2, 3, 4, 5, 6, 7, 8, 9]"
"[12, 12, 6, 6, 6]",9,"[0, 1, 3, 4, 5, 6, 7, 8, 9]"
"[16, 16, 3, 3, 3]",3,"[1, 2, 7]"
"[5, 9, 9, 9, 9]",10,"[0, 1, 2, 3, 4, 5, 6, 7, 8, 9]"
"[10, 10, 7, 7, 7]",9,"[0, 1, 2, 3, 4, 5, 6, 7, 8]"
"[8, 8, 8, 8, 9]",10,"[0, 1, 2, 3, 4, 5, 6, 7, 8, 9]"
"[7, 7, 9, 9, 9]",5,"[0, 2, 3, 4, 5]"
"[1, 1, 13, 13, 13]",8,"[0, 1, 4, 5, 6, 7, 8, 9]"
"[11, 11, 11, 4, 4]",10,"[0, 1, 2, 3, 4, 5, 6, 7, 8, 9]"
"[1, 1, 1, 19, 19]",4,"[2, 4, 7, 9]"
"[9, 9, 9, 7, 7]",8,"[0, 2, 3, 4, 5, 7, 8, 9]"
"[9, 9, 9, 9, 5]",6,"[0, 1, 2, 4, 5, 6]"
"[1, 10, 10, 10, 10]",9,"[0, 2, 3, 4, 5, 6, 7, 8, 9]"
"[3, 3, 3, 16, 16]",5,"[1, 2, 4, 6, 7]"
"[7, 7, 7, 10, 10]",10,"[0, 1, 2, 3, 4, 5, 6, 7, 8, 9]"
"[13, 7, 7, 7, 7]",4,"[0, 5, 6, 8]"
"[9, 8, 8, 8, 8]",7,"[0, 1, 2, 3, 4, 5, 9]"
"[4, 4, 11, 11, 11]",9,"[0, 1, 3, 4, 5, 6, 7, 8, 9]"
"[10, 10, 10, 10, 1]",10,"[0, 1, 2, 3, 4, 5, 6, 7, 8, 9]"
"[7, 7, 7, 7, 13]",5,"[1, 2, 3, 5, 9]"
"[5, 5, 5, 13, 13]",3,"[3, 4, 5]"
"[17, 6, 6, 6, 6]",3,"[0, 4, 5]"
"[13, 13, 5, 5, 5]",9,"[0, 1, 2, 3, 4, 5, 6, 7, 8]"
"[13, 13, 13, 1, 1]",10,"[0, 1, 2, 3, 4, 5, 6, 7, 8, 9]"
"[10, 10, 10, 10, 0]",10,"[0, 1, 2, 3, 4, 5, 6, 7, 8, 9]"
"[4, 9, 9, 9, 9]",7,"[0, 1, 3, 4, 5, 6, 9]"
"[9, 9, 9, 9, 4]",8,"[0, 1, 2, 3, 4, 5, 6, 8]"
"[5, 5, 10, 10, 10]",7,"[0, 1, 3, 4, 5, 6, 7]"
"[7, 7, 7, 7, 12]",5,"[0, 1, 3, 5, 6]"
"[12, 12, 12, 2, 2]",9,"[0, 1, 2, 3, 4, 5, 6, 7, 8]"
"[16, 6, 6, 6, 6]",8,"[0, 2, 4, 5, 6, 7, 8, 9]"
"[8, 8, 8, 8, 8]",10,"[0, 1, 2, 3, 4, 5, 6, 7, 8, 9]"
"[2, 2, 12, 12, 12]",9,"[0, 1, 3, 4, 5, 6, 7, 8, 9]"
"[0, 10, 10, 10, 10]",10,"[0, 1, 2, 3, 4, 5, 6, 7, 8, 9]"
"[12, 7, 7, 7, 7]",6,"[2, 3, 4, 5, 6, 7]"
"[17, 17, 2, 2, 2]",4,"[0, 2, 8, 9]"
"[6, 6, 6, 11, 11]",7,"[0, 1, 4, 5, 7, 8, 9]"
"[4, 4, 4, 14, 14]",3,"[5, 7, 8]"
"[10, 10, 10, 5, 5]",8,"[0, 2, 3, 4, 5, 6, 8, 9]"
"[11, 11, 6, 6, 6]",10,"[0, 1, 2, 3, 4, 5, 6, 7, 8, 9]"
"[9, 9, 9, 6, 6]",7,"[0, 1, 4, 5, 6, 8, 9]"
"[3, 3, 3, 15, 15]",6,"[2, 4, 5, 6, 7, 9]"
"[7, 7, 7, 9, 9]",5,"[0, 2, 3, 4, 5]"
"[9, 9, 9, 9, 3]",8,"[0, 1, 2, 3, 4, 5, 6, 9]"
"[1, 1, 1, 18, 18]",3,"[5, 7, 9]"
"[15, 6, 6, 6, 6]",4,"[0, 3, 6, 9]"
"[6, 6, 9, 9, 9]",9,"[0, 1, 2, 3, 4, 5, 6, 8, 9]"
"[23, 4, 4, 4, 4]",3,"[1, 4, 9]"
"[6, 6, 6, 6, 15]",3,"[4, 6, 9]"
"[15, 15, 3, 3, 3]",7,"[0, 1, 4, 5, 6, 7, 8]"
"[7, 7, 7, 7, 11]",4,"[1, 2, 5, 8]"
"[3, 9, 9, 9, 9]",6,"[0, 2, 4, 5, 6, 8]"
"[8, 8, 8, 8, 7]",5,"[0, 2, 4, 7, 8]"
"[5, 5, 5, 12, 12]",7,"[0, 3, 4, 5, 6, 8, 9]"
"[13, 13, 13, 0, 0]",10,"[0, 1, 2, 3, 4, 5, 6, 7, 8, 9]"
"[4, 4, 4, 4, 23]",7,"[0, 1, 4, 5, 6, 8, 9]"
"[12, 12, 5, 5, 5]",10,"[0, 1, 2, 3, 4, 5, 6, 7, 8, 9]"
"[0, 0, 13, 13, 13]",9,"[0, 2, 3, 4, 5, 6, 7, 8, 9]"
"[7, 8, 8, 8, 8]",6,"[1, 2, 4, 5, 6, 8]"
"[9, 9, 7, 7, 7]",8,"[0, 2, 3, 4, 5, 7, 8, 9]"
"[11, 7, 7, 7, 7]",10,"[0, 1, 2, 3, 4, 5, 6, 7, 8, 9]"
"[3, 3, 11, 11, 11]",7,"[0, 2, 3, 5, 6, 8, 9]"
"[11, 11, 11, 3, 3]",6,"[0, 3, 5, 6, 7, 8]"
"[0, 0, 0, 19, 19]",9,"[0, 1, 2, 3, 4, 5, 6, 7, 9]"
"[3, 3, 3, 3, 26]",3,"[0, 5, 8]"
"[10, 10, 6, 6, 6]",10,"[0, 1, 2, 3, 4, 5, 6, 7, 8, 9]"
"[2, 9, 9, 9, 9]",10,"[0, 1, 2, 3, 4, 5, 6, 7, 8, 9]"
"[13, 13, 4, 4, 4]",10,"[0, 1, 2, 3, 4, 5, 6, 7, 8, 9]"
"[22, 4, 4, 4, 4]",6,"[1, 3, 4, 5, 8, 9]"
"[19, 19, 0, 0, 0]",7,"[0, 1, 2, 3, 4, 7, 9]"
"[10, 7, 7, 7, 7]",9,"[0, 1, 2, 3, 4, 5, 6, 7, 8]"
"[10, 10, 10, 4, 4]",9,"[0, 1, 3, 4, 5, 6, 7, 8, 9]"
"[1, 1, 12, 12, 12]",9,"[0, 1, 2, 3, 4, 5, 6, 7, 8]"
"[4, 4, 10, 10, 10]",8,"[0, 3, 4, 5, 6, 7, 8, 9]"
"[6, 6, 6, 10, 10]",5,"[1, 4, 5, 8, 9]"
"[16, 16, 2, 2, 2]",4,"[0, 2, 4, 8]"
"[2, 2, 2, 16, 16]",3,"[2, 4, 9]"
"[9, 9, 9, 9, 2]",8,"[0, 1, 2, 3, 4, 5, 8, 9]"
"[14, 6, 6, 6, 6]",5,"[2, 4, 5, 8, 9]"
"[6, 8, 8, 8, 8]",5,"[2, 3, 4, 5, 9]"
"[18, 5, 5, 5, 5]",3,"[7, 8, 9]"
"[8, 8, 8, 8, 6]",8,"[0, 1, 2, 3, 4, 7, 8, 9]"
"[26, 3, 3, 3, 3]",3,"[0, 5, 9]"
"[7, 7, 7, 7, 10]",10,"[0, 1, 2, 3, 4, 5, 6, 7, 8, 9]"
"[6, 6, 6, 6, 14]",8,"[0, 2, 4, 5, 6, 7, 8, 9]"
"[4, 4, 4, 13, 13]",4,"[2, 4, 5, 6]"
"[7, 7, 8, 8, 8]",6,"[1, 2, 4, 5, 6, 8]"
"[12, 12, 12, 1, 1]",10,"[0, 1, 2, 3, 4, 5, 6, 7, 8, 9]"
"[8, 8, 8, 7, 7]",5,"[0, 2, 4, 7, 8]"
"[1, 1, 1, 17, 17]",5,"[0, 4, 6, 8, 9]"
"[3, 3, 3, 3, 25]",4,"[1, 5, 7, 9]"
"[3, 3, 3, 14, 14]",4,"[2, 5, 7, 9]"
"[8, 8, 8, 8, 5]",7,"[1, 2, 3, 4, 5, 6, 8]"
"[7, 7, 7, 8, 8]",6,"[1, 2, 4, 5, 6, 8]"
"[1, 9, 9, 9, 9]",6,"[0, 4, 5, 6, 8, 9]"
"[9, 9, 9, 9, 1]",10,"[0, 1, 2, 3, 4, 5, 6, 7, 8, 9]"
"[2, 2, 11, 11, 11]",10,"[0, 1, 2, 3, 4, 5, 6, 7, 8, 9]"
"[9, 9, 9, 5, 5]",6,"[0, 1, 2, 4, 5, 6]"
"[5, 5, 5, 5, 17]",4,"[0, 5, 8, 9]"
"[17, 17, 1, 1, 1]",9,"[0, 1, 3, 4, 5, 6, 7, 8, 9]"
"[6, 6, 6, 6, 13]",10,"[0, 1, 2, 3, 4, 5, 6, 7, 8, 9]"
"[7, 7, 7, 7, 9]",5,"[0, 2, 3, 4, 5]"
"[17, 5, 5, 5, 5]",3,"[0, 8, 9]"
"[8, 8, 7, 7, 7]",5,"[0, 2, 4, 7, 8]"
"[5, 5, 5, 11, 11]",10,"[0, 1, 2, 3, 4, 5, 6, 7, 8, 9]"
"[5, 8, 8, 8, 8]",9,"[0, 1, 3, 4, 5, 6, 7, 8, 9]"
"[5, 5, 9, 9, 9]",10,"[0, 1, 2, 3, 4, 5, 6, 7, 8, 9]"
"[11, 11, 5, 5, 5]",7,"[0, 1, 3, 4, 5, 6, 9]"
"[11, 11, 11, 2, 2]",5,"[0, 4, 5, 8, 9]"
"[9, 7, 7, 7, 7]",8,"[0, 2, 3, 4, 5, 7, 8, 9]"
"[13, 6, 6, 6, 6]",7,"[0, 1, 3, 4, 7, 8, 9]"
"[3, 3, 10, 10, 10]",5,"[1, 4, 5, 6, 7]"
"[8, 7, 7, 7, 7]",5,"[0, 2, 4, 7, 8]"
"[4, 8, 8, 8, 8]",10,"[0, 1, 2, 3, 4, 5, 6, 7, 8, 9]"
"[12, 12, 4, 4, 4]",10,"[0, 1, 2, 3, 4, 5, 6, 7, 8, 9]"
"[24, 3, 3, 3, 3]",5,"[1, 3, 6, 7, 9]"
"[10, 10, 10, 3, 3]",9,"[0, 1, 2, 3, 4, 5, 6, 7, 9]"
"[9, 9, 9, 9, 0]",10,"[0, 1, 2, 3, 4, 5, 6, 7, 8, 9]"
"[4, 4, 4, 12, 12]",6,"[0, 1, 3, 4, 5, 7]"
"[7, 7, 7, 7, 8]",6,"[1, 2, 4, 5, 6, 8]"
"[9, 9, 6, 6, 6]",7,"[0, 1, 4, 5, 6, 8, 9]"
"[6, 6, 8, 8, 8]",5,"[2, 3, 4, 5, 9]"
"[12, 12, 12, 0, 0]",9,"[0, 1, 2, 3, 4, 5, 6, 7, 8]"
"[8, 8, 8, 6, 6]",8,"[0, 1, 2, 3, 4, 7, 8, 9]"
"[12, 6, 6, 6, 6]",9,"[0, 1, 3, 4, 5, 6, 7, 8, 9]"
"[18, 18, 0, 0, 0]",7,"[0, 1, 4, 5, 7, 8, 9]"
"[0, 0, 0, 18, 18]",7,"[0, 2, 3, 4, 5, 7, 9]"
"[0, 0, 12, 12, 12]",10,"[0, 1, 2, 3, 4, 5, 6, 7, 8, 9]"
"[8, 8, 8, 8, 4]",9,"[1, 2, 3, 4, 5, 6, 7, 8, 9]"
"[6, 6, 6, 9, 9]",9,"[0, 1, 2, 3, 4, 5, 6, 8, 9]"
"[6, 6, 6, 6, 12]",4,"[4, 5, 8, 9]"
"[3, 3, 3, 3, 24]",5,"[2, 4, 5, 6, 7]"
"[0, 9, 9, 9, 9]",10,"[0, 1, 2, 3, 4, 5, 6, 7, 8, 9]"
"[3, 8, 8, 8, 8]",10,"[0, 1, 2, 3, 4, 5, 6, 7, 8, 9]"
"[3, 3, 3, 3, 23]",5,"[1, 3, 5, 6, 8]"
"[3, 3, 3, 13, 13]",4,"[0, 3, 5, 7]"
"[11, 6, 6, 6, 6]",10,"[0, 1, 2, 3, 4, 5, 6, 7, 8, 9]"
"[10, 10, 5, 5, 5]",8,"[0, 2, 3, 4, 5, 6, 8, 9]"
"[11, 11, 11, 1, 1]",10,"[0, 1, 2, 3, 4, 5, 6, 7, 8, 9]"
"[1, 1, 11, 11, 11]",9,"[0, 2, 3, 4, 5, 6, 7, 8, 9]"
"[9, 9, 9, 4, 4]",8,"[0, 1, 2, 3, 4, 5, 6, 8]"
"[5, 5, 5, 10, 10]",7,"[0, 1, 3, 4, 5, 6, 7]"
"[15, 5, 5, 5, 5]",4,"[0, 4, 5, 9]"
"[4, 4, 9, 9, 9]",7,"[0, 1, 3, 4, 5, 6, 9]"
"[7, 7, 7, 7, 7]",10,"[0, 1, 2, 3, 4, 5, 6, 7, 8, 9]"
"[8, 8, 8, 8, 3]",10,"[0, 1, 2, 3, 4, 5, 6, 7, 8, 9]"
"[6, 6, 6, 6, 11]",7,"[0, 1, 4, 5, 7, 8, 9]"
"[13, 13, 3, 3, 3]",10,"[0, 1, 2, 3, 4, 5, 6, 7, 8, 9]"
"[6, 6, 6, 8, 8]",5,"[2, 3, 4, 5, 9]"
"[2, 2, 10, 10, 10]",10,"[0, 1, 2, 3, 4, 5, 6, 7, 8, 9]"
"[2, 2, 2, 14, 14]",7,"[0, 1, 2, 4, 5, 7, 9]"
"[17, 17, 0, 0, 0]",6,"[0, 4, 5, 6, 8, 9]"
"[11, 11, 4, 4, 4]",10,"[0, 1, 2, 3, 4, 5, 6, 7, 8, 9]"
"[14, 14, 2, 2, 2]",8,"[0, 1, 2, 4, 5, 7, 8, 9]"
"[2, 8, 8, 8, 8]",9,"[0, 1, 2, 3, 4, 5, 7, 8, 9]"
"[5, 5, 8, 8, 8]",9,"[0, 1, 3, 4, 5, 6, 7, 8, 9]"
"[8, 8, 8, 8, 2]",8,"[0, 3, 4, 5, 6, 7, 8, 9]"
"[18, 4, 4, 4, 4]",4,"[6, 7, 8, 9]"
"[0, 0, 0, 17, 17]",7,"[0, 2, 4, 6, 7, 8, 9]"
"[6, 6, 6, 6, 10]",5,"[1, 4, 5, 8, 9]"
"[8, 8, 6, 6, 6]",8,"[0, 1, 2, 3, 4, 7, 8, 9]"
"[10, 10, 10, 2, 2]",10,"[0, 1, 2, 3, 4, 5, 6, 7, 8, 9]"
"[4, 4, 4, 11, 11]",9,"[0, 1, 3, 4, 5, 6, 7, 8, 9]"
"[6, 7, 7, 7, 7]",10,"[0, 1, 2, 3, 4, 5, 6, 7, 8, 9]"
"[10, 6, 6, 6, 6]",10,"[0, 1, 2, 3, 4, 5, 6, 7, 8, 9]"
"[7, 7, 7, 7, 6]",5,"[0, 1, 2, 4, 5]"
"[8, 8, 8, 5, 5]",7,"[1, 2, 3, 4, 5, 6, 8]"
"[5, 5, 5, 9, 9]",10,"[0, 1, 2, 3, 4, 5, 6, 7, 8, 9]"
"[5, 7, 7, 7, 7]",10,"[0, 1, 2, 3, 4, 5, 6, 7, 8, 9]"
"[5, 5, 5, 5, 13]",3,"[3, 4, 5]"
"[3, 3, 9, 9, 9]",6,"[0, 2, 4, 5, 6, 8]"
"[15, 15, 1, 1, 1]",4,"[3, 5, 7, 9]"
"[13, 5, 5, 5, 5]",9,"[0, 1, 2, 3, 4, 5, 6, 7, 8]"
"[12, 12, 3, 3, 3]",7,"[0, 3, 4, 5, 6, 8, 9]"
"[0, 0, 11, 11, 11]",10,"[0, 1, 2, 3, 4, 5, 6, 7, 8, 9]"
"[8, 8, 8, 8, 1]",8,"[0, 2, 3, 4, 6, 7, 8, 9]"
"[7, 7, 7, 6, 6]",5,"[0, 1, 2, 4, 5]"
"[1, 8, 8, 8, 8]",10,"[0, 1, 2, 3, 4, 5, 6, 7, 8, 9]"
"[3, 3, 3, 12, 12]",8,"[0, 1, 2, 3, 4, 5, 6, 7]"
"[9, 9, 5, 5, 5]",6,"[0, 1, 2, 4, 5, 6]"
"[11, 11, 11, 0, 0]",9,"[0, 1, 2, 3, 4, 5, 6, 8, 9]"
"[9, 6, 6, 6, 6]",7,"[0, 1, 4, 5, 6, 8, 9]"
"[9, 9, 9, 3, 3]",8,"[0, 1, 2, 3, 4, 5, 6, 9]"
"[6, 6, 6, 6, 9]",9,"[0, 1, 2, 3, 4, 5, 6, 8, 9]"
"[1, 1, 1, 15, 15]",3,"[1, 3, 6]"
"[7, 7, 7, 7, 5]",9,"[0, 1, 2, 3, 4, 5, 6, 8, 9]"
"[4, 4, 4, 4, 17]",4,"[0, 1, 8, 9]"
"[6, 6, 7, 7, 7]",10,"[0, 1, 2, 3, 4, 5, 6, 7, 8, 9]"
"[1, 1, 10, 10, 10]",9,"[0, 2, 3, 4, 5, 6, 7, 8, 9]"
"[6, 6, 6, 7, 7]",10,"[0, 1, 2, 3, 4, 5, 6, 7, 8, 9]"
"[12, 5, 5, 5, 5]",10,"[0, 1, 2, 3, 4, 5, 6, 7, 8, 9]"
"[7, 7, 6, 6, 6]",5,"[0, 1, 2, 4, 5]"
"[6, 6, 6, 6, 8]",5,"[2, 3, 4, 5, 9]"
"[4, 4, 8, 8, 8]",10,"[0, 1, 2, 3, 4, 5, 6, 7, 8, 9]"
"[16, 16, 0, 0, 0]",4,"[1, 4, 5, 8]"
"[10, 10, 4, 4, 4]",9,"[0, 1, 3, 4, 5, 6, 7, 8, 9]"
"[8, 8, 8, 4, 4]",9,"[1, 2, 3, 4, 5, 6, 7, 8, 9]"
"[7, 7, 7, 7, 4]",8,"[0, 1, 2, 3, 4, 5, 6, 8]"
"[2, 2, 2, 13, 13]",10,"[0, 1, 2, 3, 4, 5, 6, 7, 8, 9]"
"[10, 10, 10, 1, 1]",10,"[0, 1, 2, 3, 4, 5, 6, 7, 8, 9]"
"[0, 8, 8, 8, 8]",10,"[0, 1, 2, 3, 4, 5, 6, 7, 8, 9]"
"[13, 13, 2, 2, 2]",6,"[0, 3, 5, 6, 8, 9]"
"[4, 4, 4, 10, 10]",8,"[0, 3, 4, 5, 6, 7, 8, 9]"
"[8, 6, 6, 6, 6]",8,"[0, 1, 2, 3, 4, 7, 8, 9]"
"[4, 7, 7, 7, 7]",10,"[0, 1, 2, 3, 4, 5, 6, 7, 8, 9]"
"[0, 0, 0, 16, 16]",7,"[0, 1, 2, 3, 6, 7, 9]"
"[5, 5, 5, 5, 12]",7,"[0, 3, 4, 5, 6, 8, 9]"
"[8, 8, 8, 8, 0]",10,"[0, 1, 2, 3, 4, 5, 6, 7, 8, 9]"
"[5, 5, 5, 5, 11]",10,"[0, 1, 2, 3, 4, 5, 6, 7, 8, 9]"
"[11, 11, 3, 3, 3]",6,"[0, 3, 5, 6, 7, 8]"
"[3, 3, 3, 3, 19]",8,"[0, 1, 2, 3, 4, 7, 8, 9]"
"[2, 2, 9, 9, 9]",10,"[0, 1, 2, 3, 4, 5, 6, 7, 8, 9]"
"[3, 7, 7, 7, 7]",10,"[0, 1, 2, 3, 4, 5, 6, 7, 8, 9]"
"[7, 6, 6, 6, 6]",5,"[0, 1, 2, 4, 5]"
"[23, 2, 2, 2, 2]",6,"[0, 1, 2, 3, 4, 8]"
"[8, 8, 5, 5, 5]",7,"[1, 2, 3, 4, 5, 6, 8]"
"[3, 3, 3, 11, 11]",7,"[0, 2, 3, 5, 6, 8, 9]"
"[14, 14, 1, 1, 1]",6,"[0, 1, 2, 3, 5, 7]"
"[1, 1, 1, 14, 14]",9,"[0, 1, 2, 4, 5, 6, 7, 8, 9]"
"[6, 6, 6, 6, 7]",10,"[0, 1, 2, 3, 4, 5, 6, 7, 8, 9]"
"[5, 5, 7, 7, 7]",10,"[0, 1, 2, 3, 4, 5, 6, 7, 8, 9]"
"[9, 9, 9, 2, 2]",8,"[0, 1, 2, 3, 4, 5, 8, 9]"
"[5, 5, 5, 8, 8]",9,"[0, 1, 3, 4, 5, 6, 7, 8, 9]"
"[11, 5, 5, 5, 5]",7,"[0, 1, 3, 4, 5, 6, 9]"
"[7, 7, 7, 7, 3]",10,"[0, 1, 2, 3, 4, 5, 6, 7, 8, 9]"
"[7, 7, 7, 5, 5]",9,"[0, 1, 2, 3, 4, 5, 6, 8, 9]"
"[19, 3, 3, 3, 3]",5,"[2, 4, 5, 7, 9]"
"[2, 2, 2, 12, 12]",9,"[0, 1, 3, 4, 5, 6, 7, 8, 9]"
"[3, 3, 3, 3, 18]",9,"[0, 1, 2, 4, 5, 6, 7, 8, 9]"
"[6, 6, 6, 6, 6]",10,"[0, 1, 2, 3, 4, 5, 6, 7, 8, 9]"
"[15, 15, 0, 0, 0]",6,"[2, 3, 4, 6, 7, 9]"
"[7, 7, 7, 7, 2]",9,"[0, 1, 2, 3, 4, 5, 6, 7, 8]"
"[0, 0, 0, 15, 15]",8,"[1, 2, 3, 4, 5, 6, 7, 9]"
"[0, 0, 10, 10, 10]",10,"[0, 1, 2, 3, 4, 5, 6, 7, 8, 9]"
"[18, 3, 3, 3, 3]",4,"[5, 7, 8, 9]"
"[12, 12, 2, 2, 2]",9,"[0, 1, 2, 3, 4, 5, 6, 7, 8]"
"[9, 9, 4, 4, 4]",8,"[0, 1, 2, 3, 4, 5, 6, 8]"
"[10, 10, 10, 0, 0]",10,"[0, 1, 2, 3, 4, 5, 6, 7, 8, 9]"
"[8, 8, 8, 3, 3]",10,"[0, 1, 2, 3, 4, 5, 6, 7, 8, 9]"
"[3, 3, 8, 8, 8]",10,"[0, 1, 2, 3, 4, 5, 6, 7, 8, 9]"
"[10, 5, 5, 5, 5]",8,"[0, 2, 3, 4, 5, 6, 8, 9]"
"[5, 5, 5, 5, 10]",7,"[0, 1, 3, 4, 5, 6, 7]"
"[4, 4, 4, 4, 14]",3,"[5, 7, 8]"
"[4, 4, 4, 9, 9]",7,"[0, 1, 3, 4, 5, 6, 9]"
"[2, 7, 7, 7, 7]",8,"[0, 1, 2, 3, 4, 5, 7, 9]"
"[1, 1, 1, 13, 13]",8,"[0, 1, 4, 5, 6, 7, 8, 9]"
"[5, 5, 5, 7, 7]",10,"[0, 1, 2, 3, 4, 5, 6, 7, 8, 9]"
"[3, 3, 3, 10, 10]",5,"[1, 4, 5, 6, 7]"
"[5, 5, 5, 5, 9]",10,"[0, 1, 2, 3, 4, 5, 6, 7, 8, 9]"
"[4, 4, 7, 7, 7]",10,"[0, 1, 2, 3, 4, 5, 6, 7, 8, 9]"
"[6, 6, 6, 6, 5]",6,"[0, 3, 5, 6, 8, 9]"
"[4, 4, 4, 4, 13]",4,"[2, 4, 5, 6]"
"[1, 1, 9, 9, 9]",6,"[0, 4, 5, 6, 8, 9]"
"[10, 10, 3, 3, 3]",9,"[0, 1, 2, 3, 4, 5, 6, 7, 9]"
"[13, 13, 1, 1, 1]",10,"[0, 1, 2, 3, 4, 5, 6, 7, 8, 9]"
"[9, 5, 5, 5, 5]",6,"[0, 1, 2, 4, 5, 6]"
"[17, 3, 3, 3, 3]",4,"[5, 6, 7, 8]"
"[13, 4, 4, 4, 4]",10,"[0, 1, 2, 3, 4, 5, 6, 7, 8, 9]"
"[7, 7, 7, 4, 4]",8,"[0, 1, 2, 3, 4, 5, 6, 8]"
"[9, 9, 9, 1, 1]",10,"[0, 1, 2, 3, 4, 5, 6, 7, 8, 9]"
"[7, 7, 7, 7, 1]",10,"[0, 1, 2, 3, 4, 5, 6, 7, 8, 9]"
"[5, 6, 6, 6, 6]",5,"[0, 1, 3, 4, 5]"
"[3, 3, 3, 3, 17]",8,"[0, 1, 2, 4, 5, 6, 8, 9]"
"[7, 7, 5, 5, 5]",9,"[0, 1, 2, 3, 4, 5, 6, 8, 9]"
"[1, 7, 7, 7, 7]",10,"[0, 1, 2, 3, 4, 5, 6, 7, 8, 9]"
"[5, 5, 6, 6, 6]",5,"[0, 1, 3, 4, 5]"
"[4, 4, 4, 4, 12]",6,"[0, 1, 3, 4, 5, 7]"
"[4, 6, 6, 6, 6]",7,"[0, 1, 3, 4, 5, 6, 8]"
"[0, 7, 7, 7, 7]",10,"[0, 1, 2, 3, 4, 5, 6, 7, 8, 9]"
"[11, 11, 2, 2, 2]",5,"[0, 4, 5, 8, 9]"
"[3, 3, 3, 3, 16]",5,"[1, 2, 4, 6, 7]"
"[14, 14, 0, 0, 0]",9,"[0, 1, 2, 3, 4, 5, 7, 8, 9]"
"[2, 2, 2, 11, 11]",10,"[0, 1, 2, 3, 4, 5, 6, 7, 8, 9]"
"[6, 6, 6, 6, 4]",5,"[0, 1, 3, 4, 5]"
"[2, 2, 8, 8, 8]",9,"[0, 1, 2, 3, 4, 5, 7, 8, 9]"
"[12, 4, 4, 4, 4]",10,"[0, 1, 2, 3, 4, 5, 6, 7, 8, 9]"
"[0, 0, 0, 14, 14]",9,"[0, 1, 2, 3, 4, 5, 7, 8, 9]"
"[8, 8, 8, 2, 2]",8,"[0, 3, 4, 5, 6, 7, 8, 9]"
"[4, 4, 4, 8, 8]",10,"[0, 1, 2, 3, 4, 5, 6, 7, 8, 9]"
"[8, 5, 5, 5, 5]",7,"[1, 2, 3, 4, 5, 6, 8]"
"[6, 6, 6, 5, 5]",6,"[0, 3, 5, 6, 8, 9]"
"[7, 7, 7, 7, 0]",10,"[0, 1, 2, 3, 4, 5, 6, 7, 8, 9]"
"[8, 8, 4, 4, 4]",9,"[1, 2, 3, 4, 5, 6, 7, 8, 9]"
"[16, 3, 3, 3, 3]",3,"[1, 2, 7]"
"[24, 1, 1, 1, 1]",4,"[0, 4, 8, 9]"
"[5, 5, 5, 5, 8]",9,"[0, 1, 3, 4, 5, 6, 7, 8, 9]"
"[5, 5, 5, 5, 7]",10,"[0, 1, 2, 3, 4, 5, 6, 7, 8, 9]"
"[6, 6, 6, 6, 3]",8,"[0, 1, 4, 5, 6, 7, 8, 9]"
"[12, 12, 1, 1, 1]",10,"[0, 1, 2, 3, 4, 5, 6, 7, 8, 9]"
"[23, 1, 1, 1, 1]",6,"[1, 4, 5, 7, 8, 9]"
"[7, 7, 7, 3, 3]",10,"[0, 1, 2, 3, 4, 5, 6, 7, 8, 9]"
"[15, 3, 3, 3, 3]",7,"[0, 1, 4, 5, 6, 7, 8]"
"[1, 1, 1, 12, 12]",9,"[0, 1, 2, 3, 4, 5, 6, 7, 8]"
"[3, 6, 6, 6, 6]",8,"[0, 1, 4, 5, 6, 7, 8, 9]"
"[1, 1, 1, 1, 23]",5,"[0, 1, 4, 8, 9]"
"[7, 5, 5, 5, 5]",9,"[0, 1, 2, 3, 4, 5, 6, 8, 9]"
"[6, 6, 5, 5, 5]",6,"[0, 3, 5, 6, 8, 9]"
"[11, 4, 4, 4, 4]",10,"[0, 1, 2, 3, 4, 5, 6, 7, 8, 9]"
"[2, 2, 2, 2, 19]",5,"[1, 2, 4, 5, 9]"
"[19, 2, 2, 2, 2]",8,"[0, 1, 2, 3, 4, 5, 8, 9]"
"[4, 4, 4, 4, 11]",9,"[0, 1, 3, 4, 5, 6, 7, 8, 9]"
"[0, 0, 9, 9, 9]",10,"[0, 1, 2, 3, 4, 5, 6, 7, 8, 9]"
"[9, 9, 9, 0, 0]",10,"[0, 1, 2, 3, 4, 5, 6, 7, 8, 9]"
"[9, 9, 3, 3, 3]",8,"[0, 1, 2, 3, 4, 5, 6, 9]"
"[3, 3, 3, 3, 15]",6,"[2, 4, 5, 6, 7, 9]"
"[3, 3, 3, 9, 9]",6,"[0, 2, 4, 5, 6, 8]"
"[5, 5, 5, 6, 6]",5,"[0, 1, 3, 4, 5]"
"[3, 3, 7, 7, 7]",10,"[0, 1, 2, 3, 4, 5, 6, 7, 8, 9]"
"[6, 6, 6, 6, 2]",10,"[0, 1, 2, 3, 4, 5, 6, 7, 8, 9]"
"[26, 0, 0, 0, 0]",3,"[0, 3, 4]"
"[13, 13, 0, 0, 0]",10,"[0, 1, 2, 3, 4, 5, 6, 7, 8, 9]"
"[22, 1, 1, 1, 1]",6,"[0, 4, 5, 6, 7, 9]"
"[3, 3, 3, 3, 14]",4,"[2, 5, 7, 9]"
"[10, 10, 2, 2, 2]",10,"[0, 1, 2, 3, 4, 5, 6, 7, 8, 9]"
"[10, 4, 4, 4, 4]",9,"[0, 1, 3, 4, 5, 6, 7, 8, 9]"
"[2, 2, 2, 10, 10]",10,"[0, 1, 2, 3, 4, 5, 6, 7, 8, 9]"
"[5, 5, 5, 5, 6]",5,"[0, 1, 3, 4, 5]"
"[4, 4, 6, 6, 6]",7,"[0, 1, 3, 4, 5, 6, 8]"
"[6, 6, 6, 4, 4]",5,"[0, 1, 3, 4, 5]"
"[2, 6, 6, 6, 6]",10,"[0, 1, 2, 3, 4, 5, 6, 7, 8, 9]"
"[1, 1, 8, 8, 8]",10,"[0, 1, 2, 3, 4, 5, 6, 7, 8, 9]"
"[4, 4, 4, 7, 7]",10,"[0, 1, 2, 3, 4, 5, 6, 7, 8, 9]"
"[8, 8, 8, 1, 1]",8,"[0, 2, 3, 4, 6, 7, 8, 9]"
"[0, 0, 0, 0, 26]",4,"[0, 2, 4, 9]"
"[4, 4, 4, 4, 10]",8,"[0, 3, 4, 5, 6, 7, 8, 9]"
"[7, 7, 4, 4, 4]",8,"[0, 1, 2, 3, 4, 5, 6, 8]"
"[0, 0, 0, 13, 13]",9,"[0, 2, 3, 4, 5, 6, 7, 8, 9]"
"[6, 5, 5, 5, 5]",6,"[0, 3, 5, 6, 8, 9]"
"[7, 7, 7, 2, 2]",9,"[0, 1, 2, 3, 4, 5, 6, 7, 8]"
"[11, 11, 1, 1, 1]",10,"[0, 1, 2, 3, 4, 5, 6, 7, 8, 9]"
"[0, 0, 0, 0, 25]",3,"[0, 5, 7]"
"[1, 1, 1, 11, 11]",9,"[0, 2, 3, 4, 5, 6, 7, 8, 9]"
"[9, 4, 4, 4, 4]",8,"[0, 1, 2, 3, 4, 5, 6, 8]"
"[2, 2, 7, 7, 7]",8,"[0, 1, 2, 3, 4, 5, 7, 9]"
"[17, 2, 2, 2, 2]",4,"[0, 2, 8, 9]"
"[4, 4, 4, 4, 9]",7,"[0, 1, 3, 4, 5, 6, 9]"
"[3, 3, 3, 8, 8]",10,"[0, 1, 2, 3, 4, 5, 6, 7, 8, 9]"
"[3, 3, 3, 3, 13]",4,"[0, 3, 5, 7]"
"[13, 3, 3, 3, 3]",10,"[0, 1, 2, 3, 4, 5, 6, 7, 8, 9]"
"[8, 8, 3, 3, 3]",10,"[0, 1, 2, 3, 4, 5, 6, 7, 8, 9]"
"[1, 6, 6, 6, 6]",10,"[0, 1, 2, 3, 4, 5, 6, 7, 8, 9]"
"[6, 6, 6, 6, 1]",10,"[0, 1, 2, 3, 4, 5, 6, 7, 8, 9]"
"[5, 5, 5, 5, 5]",10,"[0, 1, 2, 3, 4, 5, 6, 7, 8, 9]"
"[3, 3, 3, 3, 12]",8,"[0, 1, 2, 3, 4, 5, 6, 7]"
"[6, 6, 6, 3, 3]",8,"[0, 1, 4, 5, 6, 7, 8, 9]"
"[4, 5, 5, 5, 5]",10,"[0, 1, 2, 3, 4, 5, 6, 7, 8, 9]"
"[12, 3, 3, 3, 3]",7,"[0, 3, 4, 5, 6, 8, 9]"
"[8, 8, 8, 0, 0]",10,"[0, 1, 2, 3, 4, 5, 6, 7, 8, 9]"
"[0, 0, 8, 8, 8]",10,"[0, 1, 2, 3, 4, 5, 6, 7, 8, 9]"
"[6, 6, 4, 4, 4]",5,"[0, 1, 3, 4, 5]"
"[4, 4, 4, 6, 6]",7,"[0, 1, 3, 4, 5, 6, 8]"
"[16, 2, 2, 2, 2]",4,"[0, 2, 4, 8]"
"[12, 12, 0, 0, 0]",9,"[0, 1, 2, 3, 4, 5, 6, 7, 8]"
"[2, 2, 2, 2, 16]",3,"[2, 4, 9]"
"[24, 0, 0, 0, 0]",6,"[2, 4, 5, 7, 8, 9]"
"[0, 6, 6, 6, 6]",10,"[0, 1, 2, 3, 4, 5, 6, 7, 8, 9]"
"[5, 5, 5, 5, 4]",10,"[0, 1, 2, 3, 4, 5, 6, 7, 8, 9]"
"[2, 2, 2, 9, 9]",10,"[0, 1, 2, 3, 4, 5, 6, 7, 8, 9]"
"[3, 3, 6, 6, 6]",8,"[0, 1, 4, 5, 6, 7, 8, 9]"
"[0, 0, 0, 0, 24]",6,"[1, 3, 6, 7, 8, 9]"
"[9, 9, 2, 2, 2]",8,"[0, 1, 2, 3, 4, 5, 8, 9]"
"[4, 4, 4, 4, 8]",10,"[0, 1, 2, 3, 4, 5, 6, 7, 8, 9]"
"[6, 6, 6, 6, 0]",9,"[0, 1, 3, 4, 5, 6, 7, 8, 9]"
"[0, 0, 0, 12, 12]",10,"[0, 1, 2, 3, 4, 5, 6, 7, 8, 9]"
"[8, 4, 4, 4, 4]",9,"[1, 2, 3, 4, 5, 6, 7, 8, 9]"
"[7, 7, 3, 3, 3]",10,"[0, 1, 2, 3, 4, 5, 6, 7, 8, 9]"
"[1, 1, 1, 1, 19]",4,"[2, 4, 7, 9]"
"[4, 4, 4, 4, 7]",10,"[0, 1, 2, 3, 4, 5, 6, 7, 8, 9]"
"[7, 7, 7, 1, 1]",10,"[0, 1, 2, 3, 4, 5, 6, 7, 8, 9]"
"[5, 5, 5, 5, 3]",10,"[0, 1, 2, 3, 4, 5, 6, 7, 8, 9]"
"[0, 0, 0, 0, 23]",7,"[0, 1, 3, 4, 5, 8, 9]"
"[3, 5, 5, 5, 5]",10,"[0, 1, 2, 3, 4, 5, 6, 7, 8, 9]"
"[4, 4, 5, 5, 5]",10,"[0, 1, 2, 3, 4, 5, 6, 7, 8, 9]"
"[11, 3, 3, 3, 3]",6,"[0, 3, 5, 6, 7, 8]"
"[1, 1, 1, 10, 10]",9,"[0, 2, 3, 4, 5, 6, 7, 8, 9]"
"[23, 0, 0, 0, 0]",6,"[0, 1, 4, 6, 8, 9]"
"[10, 10, 1, 1, 1]",10,"[0, 1, 2, 3, 4, 5, 6, 7, 8, 9]"
"[5, 5, 5, 4, 4]",10,"[0, 1, 2, 3, 4, 5, 6, 7, 8, 9]"
"[3, 3, 3, 3, 11]",7,"[0, 2, 3, 5, 6, 8, 9]"
"[7, 4, 4, 4, 4]",8,"[0, 1, 2, 3, 4, 5, 6, 8]"
"[1, 1, 7, 7, 7]",10,"[0, 1, 2, 3, 4, 5, 6, 7, 8, 9]"
"[3, 3, 3, 7, 7]",10,"[0, 1, 2, 3, 4, 5, 6, 7, 8, 9]"
"[1, 1, 1, 1, 18]",3,"[5, 7, 9]"
"[0, 0, 0, 0, 22]",3,"[4, 5, 7]"
"[6, 4, 4, 4, 4]",5,"[0, 1, 3, 4, 5]"
"[3, 3, 3, 3, 10]",5,"[1, 4, 5, 6, 7]"
"[8, 8, 2, 2, 2]",8,"[0, 3, 4, 5, 6, 7, 8, 9]"
"[5, 5, 4, 4, 4]",10,"[0, 1, 2, 3, 4, 5, 6, 7, 8, 9]"
"[2, 5, 5, 5, 5]",8,"[0, 1, 2, 3, 4, 5, 6, 8]"
"[2, 2, 6, 6, 6]",10,"[0, 1, 2, 3, 4, 5, 6, 7, 8, 9]"
"[6, 6, 6, 2, 2]",10,"[0, 1, 2, 3, 4, 5, 6, 7, 8, 9]"
"[14, 2, 2, 2, 2]",8,"[0, 1, 2, 4, 5, 7, 8, 9]"
"[11, 11, 0, 0, 0]",9,"[0, 1, 2, 3, 4, 5, 6, 8, 9]"
"[2, 2, 2, 2, 14]",7,"[0, 1, 2, 4, 5, 7, 9]"
"[5, 5, 5, 5, 2]",8,"[0, 1, 3, 4, 5, 7, 8, 9]"
"[10, 3, 3, 3, 3]",9,"[0, 1, 2, 3, 4, 5, 6, 7, 9]"
"[22, 0, 0, 0, 0]",4,"[0, 4, 5, 7]"
"[4, 4, 4, 4, 6]",7,"[0, 1, 3, 4, 5, 6, 8]"
"[2, 2, 2, 8, 8]",9,"[0, 1, 2, 3, 4, 5, 7, 8, 9]"
"[4, 4, 4, 5, 5]",10,"[0, 1, 2, 3, 4, 5, 6, 7, 8, 9]"
"[0, 0, 0, 11, 11]",10,"[0, 1, 2, 3, 4, 5, 6, 7, 8, 9]"
"[0, 0, 7, 7, 7]",10,"[0, 1, 2, 3, 4, 5, 6, 7, 8, 9]"
"[13, 2, 2, 2, 2]",6,"[0, 3, 5, 6, 8, 9]"
"[2, 2, 2, 2, 13]",10,"[0, 1, 2, 3, 4, 5, 6, 7, 8, 9]"
"[7, 7, 7, 0, 0]",10,"[0, 1, 2, 3, 4, 5, 6, 7, 8, 9]"
"[17, 1, 1, 1, 1]",9,"[0, 1, 3, 4, 5, 6, 7, 8, 9]"
"[5, 4, 4, 4, 4]",10,"[0, 1, 2, 3, 4, 5, 6, 7, 8, 9]"
"[3, 3, 3, 3, 9]",6,"[0, 2, 4, 5, 6, 8]"
"[1, 1, 1, 9, 9]",6,"[0, 4, 5, 6, 8, 9]"
"[5, 5, 5, 5, 1]",10,"[0, 1, 2, 3, 4, 5, 6, 7, 8, 9]"
"[9, 3, 3, 3, 3]",8,"[0, 1, 2, 3, 4, 5, 6, 9]"
"[3, 3, 5, 5, 5]",10,"[0, 1, 2, 3, 4, 5, 6, 7, 8, 9]"
"[9, 9, 1, 1, 1]",10,"[0, 1, 2, 3, 4, 5, 6, 7, 8, 9]"
"[3, 3, 3, 6, 6]",8,"[0, 1, 4, 5, 6, 7, 8, 9]"
"[4, 4, 4, 4, 5]",10,"[0, 1, 2, 3, 4, 5, 6, 7, 8, 9]"
"[1, 1, 1, 1, 17]",5,"[0, 4, 6, 8, 9]"
"[5, 5, 5, 3, 3]",10,"[0, 1, 2, 3, 4, 5, 6, 7, 8, 9]"
"[6, 6, 3, 3, 3]",8,"[0, 1, 4, 5, 6, 7, 8, 9]"
"[1, 5, 5, 5, 5]",10,"[0, 1, 2, 3, 4, 5, 6, 7, 8, 9]"
"[5, 5, 5, 5, 0]",10,"[0, 1, 2, 3, 4, 5, 6, 7, 8, 9]"
"[7, 7, 2, 2, 2]",9,"[0, 1, 2, 3, 4, 5, 6, 7, 8]"
"[1, 1, 6, 6, 6]",10,"[0, 1, 2, 3, 4, 5, 6, 7, 8, 9]"
"[0, 5, 5, 5, 5]",10,"[0, 1, 2, 3, 4, 5, 6, 7, 8, 9]"
"[4, 4, 4, 4, 4]",10,"[0, 1, 2, 3, 4, 5, 6, 7, 8, 9]"
"[0, 0, 0, 10, 10]",10,"[0, 1, 2, 3, 4, 5, 6, 7, 8, 9]"
"[6, 6, 6, 1, 1]",10,"[0, 1, 2, 3, 4, 5, 6, 7, 8, 9]"
"[10, 10, 0, 0, 0]",10,"[0, 1, 2, 3, 4, 5, 6, 7, 8, 9]"
"[8, 3, 3, 3, 3]",10,"[0, 1, 2, 3, 4, 5, 6, 7, 8, 9]"
"[3, 3, 3, 3, 8]",10,"[0, 1, 2, 3, 4, 5, 6, 7, 8, 9]"
"[12, 2, 2, 2, 2]",9,"[0, 1, 2, 3, 4, 5, 6, 7, 8]"
"[2, 2, 2, 7, 7]",8,"[0, 1, 2, 3, 4, 5, 7, 9]"
"[2, 2, 2, 2, 12]",9,"[0, 1, 3, 4, 5, 6, 7, 8, 9]"
"[15, 1, 1, 1, 1]",4,"[3, 5, 7, 9]"
"[7, 3, 3, 3, 3]",10,"[0, 1, 2, 3, 4, 5, 6, 7, 8, 9]"
"[5, 5, 3, 3, 3]",10,"[0, 1, 2, 3, 4, 5, 6, 7, 8, 9]"
"[1, 1, 1, 8, 8]",10,"[0, 1, 2, 3, 4, 5, 6, 7, 8, 9]"
"[2, 2, 2, 2, 11]",10,"[0, 1, 2, 3, 4, 5, 6, 7, 8, 9]"
"[4, 4, 4, 4, 3]",10,"[0, 1, 2, 3, 4, 5, 6, 7, 8, 9]"
"[2, 2, 5, 5, 5]",8,"[0, 1, 2, 3, 4, 5, 6, 8]"
"[19, 0, 0, 0, 0]",7,"[0, 1, 2, 3, 4, 7, 9]"
"[3, 3, 3, 3, 7]",10,"[0, 1, 2, 3, 4, 5, 6, 7, 8, 9]"
"[1, 1, 1, 1, 15]",3,"[1, 3, 6]"
"[3, 3, 3, 5, 5]",10,"[0, 1, 2, 3, 4, 5, 6, 7, 8, 9]"
"[8, 8, 1, 1, 1]",8,"[0, 2, 3, 4, 6, 7, 8, 9]"
"[11, 2, 2, 2, 2]",5,"[0, 4, 5, 8, 9]"
"[0, 0, 0, 0, 19]",9,"[0, 1, 2, 3, 4, 5, 6, 7, 9]"
"[5, 5, 5, 2, 2]",8,"[0, 1, 3, 4, 5, 7, 8, 9]"
"[3, 4, 4, 4, 4]",10,"[0, 1, 2, 3, 4, 5, 6, 7, 8, 9]"
"[14, 1, 1, 1, 1]",6,"[0, 1, 2, 3, 5, 7]"
"[6, 6, 2, 2, 2]",10,"[0, 1, 2, 3, 4, 5, 6, 7, 8, 9]"
"[4, 4, 4, 4, 2]",10,"[0, 1, 2, 3, 4, 5, 6, 7, 8, 9]"
"[4, 4, 4, 3, 3]",10,"[0, 1, 2, 3, 4, 5, 6, 7, 8, 9]"
"[1, 1, 1, 1, 14]",9,"[0, 1, 2, 4, 5, 6, 7, 8, 9]"
"[6, 6, 6, 0, 0]",9,"[0, 1, 3, 4, 5, 6, 7, 8, 9]"
"[2, 2, 2, 6, 6]",10,"[0, 1, 2, 3, 4, 5, 6, 7, 8, 9]"
"[3, 3, 4, 4, 4]",10,"[0, 1, 2, 3, 4, 5, 6, 7, 8, 9]"
"[6, 3, 3, 3, 3]",8,"[0, 1, 4, 5, 6, 7, 8, 9]"
"[2, 2, 2, 2, 10]",10,"[0, 1, 2, 3, 4, 5, 6, 7, 8, 9]"
"[9, 9, 0, 0, 0]",10,"[0, 1, 2, 3, 4, 5, 6, 7, 8, 9]"
"[18, 0, 0, 0, 0]",7,"[0, 1, 4, 5, 7, 8, 9]"
"[0, 0, 0, 9, 9]",10,"[0, 1, 2, 3, 4, 5, 6, 7, 8, 9]"
"[10, 2, 2, 2, 2]",10,"[0, 1, 2, 3, 4, 5, 6, 7, 8, 9]"
"[0, 0, 0, 0, 18]",7,"[0, 2, 3, 4, 5, 7, 9]"
"[0, 0, 6, 6, 6]",10,"[0, 1, 2, 3, 4, 5, 6, 7, 8, 9]"
"[3, 3, 3, 3, 6]",8,"[0, 1, 4, 5, 6, 7, 8, 9]"
"[2, 4, 4, 4, 4]",7,"[0, 1, 2, 3, 4, 5, 6]"
"[4, 4, 3, 3, 3]",10,"[0, 1, 2, 3, 4, 5, 6, 7, 8, 9]"
"[1, 4, 4, 4, 4]",9,"[0, 1, 2, 3, 4, 5, 6, 7, 8]"
"[7, 7, 1, 1, 1]",10,"[0, 1, 2, 3, 4, 5, 6, 7, 8, 9]"
"[2, 2, 2, 2, 9]",10,"[0, 1, 2, 3, 4, 5, 6, 7, 8, 9]"
"[0, 0, 0, 0, 17]",7,"[0, 2, 4, 6, 7, 8, 9]"
"[1, 1, 1, 1, 13]",8,"[0, 1, 4, 5, 6, 7, 8, 9]"
"[13, 1, 1, 1, 1]",10,"[0, 1, 2, 3, 4, 5, 6, 7, 8, 9]"
"[17, 0, 0, 0, 0]",6,"[0, 4, 5, 6, 8, 9]"
"[4, 4, 4, 4, 1]",10,"[0, 1, 2, 3, 4, 5, 6, 7, 8, 9]"
"[5, 5, 5, 1, 1]",10,"[0, 1, 2, 3, 4, 5, 6, 7, 8, 9]"
"[9, 2, 2, 2, 2]",8,"[0, 1, 2, 3, 4, 5, 8, 9]"
"[1, 1, 1, 7, 7]",10,"[0, 1, 2, 3, 4, 5, 6, 7, 8, 9]"
"[5, 3, 3, 3, 3]",10,"[0, 1, 2, 3, 4, 5, 6, 7, 8, 9]"
"[3, 3, 3, 4, 4]",10,"[0, 1, 2, 3, 4, 5, 6, 7, 8, 9]"
"[1, 1, 5, 5, 5]",10,"[0, 1, 2, 3, 4, 5, 6, 7, 8, 9]"
"[3, 3, 3, 3, 5]",10,"[0, 1, 2, 3, 4, 5, 6, 7, 8, 9]"
"[2, 2, 2, 2, 8]",9,"[0, 1, 2, 3, 4, 5, 7, 8, 9]"
"[3, 3, 3, 3, 4]",10,"[0, 1, 2, 3, 4, 5, 6, 7, 8, 9]"
"[4, 4, 4, 2, 2]",10,"[0, 1, 2, 3, 4, 5, 6, 7, 8, 9]"
"[2, 2, 4, 4, 4]",7,"[0, 1, 2, 3, 4, 5, 6]"
"[16, 0, 0, 0, 0]",4,"[1, 4, 5, 8]"
"[2, 2, 2, 5, 5]",8,"[0, 1, 2, 3, 4, 5, 6, 8]"
"[0, 0, 0, 8, 8]",10,"[0, 1, 2, 3, 4, 5, 6, 7, 8, 9]"
"[12, 1, 1, 1, 1]",10,"[0, 1, 2, 3, 4, 5, 6, 7, 8, 9]"
"[0, 4, 4, 4, 4]",10,"[0, 1, 2, 3, 4, 5, 6, 7, 8, 9]"
"[8, 2, 2, 2, 2]",8,"[0, 3, 4, 5, 6, 7, 8, 9]"
"[8, 8, 0, 0, 0]",10,"[0, 1, 2, 3, 4, 5, 6, 7, 8, 9]"
"[0, 0, 0, 0, 16]",7,"[0, 1, 2, 3, 6, 7, 9]"
"[1, 1, 1, 1, 12]",9,"[0, 1, 2, 3, 4, 5, 6, 7, 8]"
"[5, 5, 2, 2, 2]",8,"[0, 1, 3, 4, 5, 7, 8, 9]"
"[4, 3, 3, 3, 3]",10,"[0, 1, 2, 3, 4, 5, 6, 7, 8, 9]"
"[4, 4, 4, 4, 0]",10,"[0, 1, 2, 3, 4, 5, 6, 7, 8, 9]"
"[11, 1, 1, 1, 1]",10,"[0, 1, 2, 3, 4, 5, 6, 7, 8, 9]"
"[1, 1, 1, 6, 6]",10,"[0, 1, 2, 3, 4, 5, 6, 7, 8, 9]"
"[3, 3, 3, 3, 3]",10,"[0, 1, 2, 3, 4, 5, 6, 7, 8, 9]"
"[1, 1, 1, 1, 11]",9,"[0, 2, 3, 4, 5, 6, 7, 8, 9]"
"[15, 0, 0, 0, 0]",6,"[2, 3, 4, 6, 7, 9]"
"[7, 2, 2, 2, 2]",9,"[0, 1, 2, 3, 4, 5, 6, 7, 8]"
"[0, 0, 0, 0, 15]",8,"[1, 2, 3, 4, 5, 6, 7, 9]"
"[2, 2, 2, 2, 7]",8,"[0, 1, 2, 3, 4, 5, 7, 9]"
"[0, 0, 5, 5, 5]",10,"[0, 1, 2, 3, 4, 5, 6, 7, 8, 9]"
"[6, 6, 1, 1, 1]",10,"[0, 1, 2, 3, 4, 5, 6, 7, 8, 9]"
"[5, 5, 5, 0, 0]",10,"[0, 1, 2, 3, 4, 5, 6, 7, 8, 9]"
"[2, 2, 2, 2, 6]",10,"[0, 1, 2, 3, 4, 5, 6, 7, 8, 9]"
"[6, 2, 2, 2, 2]",10,"[0, 1, 2, 3, 4, 5, 6, 7, 8, 9]"
"[1, 1, 4, 4, 4]",9,"[0, 1, 2, 3, 4, 5, 6, 7, 8]"
"[0, 0, 0, 7, 7]",10,"[0, 1, 2, 3, 4, 5, 6, 7, 8, 9]"
"[7, 7, 0, 0, 0]",10,"[0, 1, 2, 3, 4, 5, 6, 7, 8, 9]"
"[2, 3, 3, 3, 3]",9,"[0, 2, 3, 4, 5, 6, 7, 8, 9]"
"[10, 1, 1, 1, 1]",10,"[0, 1, 2, 3, 4, 5, 6, 7, 8, 9]"
"[4, 4, 2, 2, 2]",10,"[0, 1, 2, 3, 4, 5, 6, 7, 8, 9]"
"[14, 0, 0, 0, 0]",9,"[0, 1, 2, 3, 4, 5, 7, 8, 9]"
"[4, 4, 4, 1, 1]",10,"[0, 1, 2, 3, 4, 5, 6, 7, 8, 9]"
"[1, 1, 1, 1, 10]",9,"[0, 2, 3, 4, 5, 6, 7, 8, 9]"
"[0, 0, 0, 0, 14]",9,"[0, 1, 2, 3, 4, 5, 7, 8, 9]"
"[3, 3, 3, 3, 2]",9,"[0, 1, 2, 3, 4, 5, 7, 8, 9]"
"[2, 2, 2, 4, 4]",7,"[0, 1, 2, 3, 4, 5, 6]"
"[5, 2, 2, 2, 2]",8,"[0, 1, 3, 4, 5, 7, 8, 9]"
"[13, 0, 0, 0, 0]",10,"[0, 1, 2, 3, 4, 5, 6, 7, 8, 9]"
"[1, 3, 3, 3, 3]",10,"[0, 1, 2, 3, 4, 5, 6, 7, 8, 9]"
"[2, 2, 3, 3, 3]",9,"[0, 2, 3, 4, 5, 6, 7, 8, 9]"
"[1, 1, 1, 1, 9]",6,"[0, 4, 5, 6, 8, 9]"
"[3, 3, 3, 3, 1]",10,"[0, 1, 2, 3, 4, 5, 6, 7, 8, 9]"
"[2, 2, 2, 2, 5]",8,"[0, 1, 2, 3, 4, 5, 6, 8]"
"[3, 3, 3, 2, 2]",9,"[0, 1, 2, 3, 4, 5, 7, 8, 9]"
"[5, 5, 1, 1, 1]",10,"[0, 1, 2, 3, 4, 5, 6, 7, 8, 9]"
"[1, 1, 1, 5, 5]",10,"[0, 1, 2, 3, 4, 5, 6, 7, 8, 9]"
"[9, 1, 1, 1, 1]",10,"[0, 1, 2, 3, 4, 5, 6, 7, 8, 9]"
"[0, 0, 0, 0, 13]",9,"[0, 2, 3, 4, 5, 6, 7, 8, 9]"
"[2, 2, 2, 2, 4]",7,"[0, 1, 2, 3, 4, 5, 6]"
"[6, 6, 0, 0, 0]",9,"[0, 1, 3, 4, 5, 6, 7, 8, 9]"
"[4, 2, 2, 2, 2]",10,"[0, 1, 2, 3, 4, 5, 6, 7, 8, 9]"
"[12, 0, 0, 0, 0]",9,"[0, 1, 2, 3, 4, 5, 6, 7, 8]"
"[0, 0, 0, 6, 6]",10,"[0, 1, 2, 3, 4, 5, 6, 7, 8, 9]"
"[0, 0, 4, 4, 4]",10,"[0, 1, 2, 3, 4, 5, 6, 7, 8, 9]"
"[3, 3, 2, 2, 2]",9,"[0, 1, 2, 3, 4, 5, 7, 8, 9]"
"[4, 4, 4, 0, 0]",10,"[0, 1, 2, 3, 4, 5, 6, 7, 8, 9]"
"[2, 2, 2, 3, 3]",9,"[0, 2, 3, 4, 5, 6, 7, 8, 9]"
"[1, 1, 1, 1, 8]",10,"[0, 1, 2, 3, 4, 5, 6, 7, 8, 9]"
"[0, 3, 3, 3, 3]",10,"[0, 1, 2, 3, 4, 5, 6, 7, 8, 9]"
"[0, 0, 0, 0, 12]",10,"[0, 1, 2, 3, 4, 5, 6, 7, 8, 9]"
"[8, 1, 1, 1, 1]",8,"[0, 2, 3, 4, 6, 7, 8, 9]"
"[3, 3, 3, 3, 0]",10,"[0, 1, 2, 3, 4, 5, 6, 7, 8, 9]"
"[3, 2, 2, 2, 2]",9,"[0, 1, 2, 3, 4, 5, 7, 8, 9]"
"[3, 3, 3, 1, 1]",10,"[0, 1, 2, 3, 4, 5, 6, 7, 8, 9]"
"[0, 0, 0, 0, 11]",10,"[0, 1, 2, 3, 4, 5, 6, 7, 8, 9]"
"[1, 1, 3, 3, 3]",10,"[0, 1, 2, 3, 4, 5, 6, 7, 8, 9]"
"[1, 1, 1, 4, 4]",9,"[0, 1, 2, 3, 4, 5, 6, 7, 8]"
"[7, 1, 1, 1, 1]",10,"[0, 1, 2, 3, 4, 5, 6, 7, 8, 9]"
"[4, 4, 1, 1, 1]",10,"[0, 1, 2, 3, 4, 5, 6, 7, 8, 9]"
"[1, 1, 1, 1, 7]",10,"[0, 1, 2, 3, 4, 5, 6, 7, 8, 9]"
"[2, 2, 2, 2, 3]",9,"[0, 2, 3, 4, 5, 6, 7, 8, 9]"
"[11, 0, 0, 0, 0]",9,"[0, 1, 2, 3, 4, 5, 6, 8, 9]"
"[10, 0, 0, 0, 0]",10,"[0, 1, 2, 3, 4, 5, 6, 7, 8, 9]"
"[2, 2, 2, 2, 2]",10,"[0, 1, 2, 3, 4, 5, 6, 7, 8, 9]"
"[5, 5, 0, 0, 0]",10,"[0, 1, 2, 3, 4, 5, 6, 7, 8, 9]"
"[6, 1, 1, 1, 1]",10,"[0, 1, 2, 3, 4, 5, 6, 7, 8, 9]"
"[0, 0, 0, 0, 10]",10,"[0, 1, 2, 3, 4, 5, 6, 7, 8, 9]"
"[1, 1, 1, 1, 6]",10,"[0, 1, 2, 3, 4, 5, 6, 7, 8, 9]"
"[0, 0, 0, 5, 5]",10,"[0, 1, 2, 3, 4, 5, 6, 7, 8, 9]"
"[1, 1, 1, 3, 3]",10,"[0, 1, 2, 3, 4, 5, 6, 7, 8, 9]"
"[3, 3, 3, 0, 0]",10,"[0, 1, 2, 3, 4, 5, 6, 7, 8, 9]"
"[9, 0, 0, 0, 0]",10,"[0, 1, 2, 3, 4, 5, 6, 7, 8, 9]"
"[2, 2, 2, 2, 1]",10,"[0, 1, 2, 3, 4, 5, 6, 7, 8, 9]"
"[5, 1, 1, 1, 1]",10,"[0, 1, 2, 3, 4, 5, 6, 7, 8, 9]"
"[3, 3, 1, 1, 1]",10,"[0, 1, 2, 3, 4, 5, 6, 7, 8, 9]"
"[1, 2, 2, 2, 2]",10,"[0, 1, 2, 3, 4, 5, 6, 7, 8, 9]"
"[0, 0, 3, 3, 3]",10,"[0, 1, 2, 3, 4, 5, 6, 7, 8, 9]"
"[0, 0, 0, 0, 9]",10,"[0, 1, 2, 3, 4, 5, 6, 7, 8, 9]"
"[1, 1, 1, 1, 5]",10,"[0, 1, 2, 3, 4, 5, 6, 7, 8, 9]"
"[8, 0, 0, 0, 0]",10,"[0, 1, 2, 3, 4, 5, 6, 7, 8, 9]"
"[0, 0, 0, 0, 8]",10,"[0, 1, 2, 3, 4, 5, 6, 7, 8, 9]"
"[0, 0, 0, 4, 4]",10,"[0, 1, 2, 3, 4, 5, 6, 7, 8, 9]"
"[1, 1, 2, 2, 2]",10,"[0, 1, 2, 3, 4, 5, 6, 7, 8, 9]"
"[1, 1, 1, 1, 4]",9,"[0, 1, 2, 3, 4, 5, 6, 7, 8]"
"[4, 1, 1, 1, 1]",10,"[0, 1, 2, 3, 4, 5, 6, 7, 8, 9]"
"[0, 2, 2, 2, 2]",10,"[0, 1, 2, 3, 4, 5, 6, 7, 8, 9]"
"[4, 4, 0, 0, 0]",10,"[0, 1, 2, 3, 4, 5, 6, 7, 8, 9]"
"[2, 2, 2, 2, 0]",10,"[0, 1, 2, 3, 4, 5, 6, 7, 8, 9]"
"[2, 2, 2, 1, 1]",10,"[0, 1, 2, 3, 4, 5, 6, 7, 8, 9]"
"[2, 2, 1, 1, 1]",10,"[0, 1, 2, 3, 4, 5, 6, 7, 8, 9]"
"[7, 0, 0, 0, 0]",10,"[0, 1, 2, 3, 4, 5, 6, 7, 8, 9]"
"[1, 1, 1, 1, 3]",10,"[0, 1, 2, 3, 4, 5, 6, 7, 8, 9]"
"[3, 1, 1, 1, 1]",10,"[0, 1, 2, 3, 4, 5, 6, 7, 8, 9]"
"[1, 1, 1, 2, 2]",10,"[0, 1, 2, 3, 4, 5, 6, 7, 8, 9]"
"[0, 0, 0, 0, 7]",10,"[0, 1, 2, 3, 4, 5, 6, 7, 8, 9]"
"[0, 0, 0, 0, 6]",10,"[0, 1, 2, 3, 4, 5, 6, 7, 8, 9]"
"[1, 1, 1, 1, 2]",10,"[0, 1, 2, 3, 4, 5, 6, 7, 8, 9]"
"[6, 0, 0, 0, 0]",9,"[0, 1, 3, 4, 5, 6, 7, 8, 9]"
"[2, 1, 1, 1, 1]",10,"[0, 1, 2, 3, 4, 5, 6, 7, 8, 9]"
"[0, 0, 2, 2, 2]",10,"[0, 1, 2, 3, 4, 5, 6, 7, 8, 9]"
"[0, 0, 0, 3, 3]",10,"[0, 1, 2, 3, 4, 5, 6, 7, 8, 9]"
"[2, 2, 2, 0, 0]",10,"[0, 1, 2, 3, 4, 5, 6, 7, 8, 9]"
"[3, 3, 0, 0, 0]",10,"[0, 1, 2, 3, 4, 5, 6, 7, 8, 9]"
"[5, 0, 0, 0, 0]",10,"[0, 1, 2, 3, 4, 5, 6, 7, 8, 9]"
"[1, 1, 1, 1, 1]",10,"[0, 1, 2, 3, 4, 5, 6, 7, 8, 9]"
"[0, 0, 0, 0, 5]",10,"[0, 1, 2, 3, 4, 5, 6, 7, 8, 9]"
"[4, 0, 0, 0, 0]",10,"[0, 1, 2, 3, 4, 5, 6, 7, 8, 9]"
"[2, 2, 0, 0, 0]",10,"[0, 1, 2, 3, 4, 5, 6, 7, 8, 9]"
"[0, 0, 0, 2, 2]",10,"[0, 1, 2, 3, 4, 5, 6, 7, 8, 9]"
"[0, 0, 0, 0, 4]",10,"[0, 1, 2, 3, 4, 5, 6, 7, 8, 9]"
"[0, 1, 1, 1, 1]",10,"[0, 1, 2, 3, 4, 5, 6, 7, 8, 9]"
"[1, 1, 1, 1, 0]",10,"[0, 1, 2, 3, 4, 5, 6, 7, 8, 9]"
"[0, 0, 0, 0, 3]",10,"[0, 1, 2, 3, 4, 5, 6, 7, 8, 9]"
"[1, 1, 1, 0, 0]",10,"[0, 1, 2, 3, 4, 5, 6, 7, 8, 9]"
"[0, 0, 1, 1, 1]",10,"[0, 1, 2, 3, 4, 5, 6, 7, 8, 9]"
"[3, 0, 0, 0, 0]",10,"[0, 1, 2, 3, 4, 5, 6, 7, 8, 9]"
"[2, 0, 0, 0, 0]",10,"[0, 1, 2, 3, 4, 5, 6, 7, 8, 9]"
"[0, 0, 0, 0, 2]",10,"[0, 1, 2, 3, 4, 5, 6, 7, 8, 9]"
"[1, 1, 0, 0, 0]",10,"[0, 1, 2, 3, 4, 5, 6, 7, 8, 9]"
"[0, 0, 0, 1, 1]",10,"[0, 1, 2, 3, 4, 5, 6, 7, 8, 9]"
"[0, 0, 0, 0, 1]",10,"[0, 1, 2, 3, 4, 5, 6, 7, 8, 9]"
"[1, 0, 0, 0, 0]",10,"[0, 1, 2, 3, 4, 5, 6, 7, 8, 9]"
"[0, 0, 0, 0, 0]",10,"[0, 1, 2, 3, 4, 5, 6, 7, 8, 9]"
